Location,Period,Value
Democratic People's Republic of Korea,2022,0
Papua New Guinea,2022,36
Angola,2022,42
Central African Republic,2022,42
Somalia,2022,42
Syrian Arab Republic,2022,46
Guinea,2022,47
Haiti,2022,51
Equatorial Guinea,2022,53
Venezuela (Bolivarian Republic of),2022,56
Madagascar,2022,57
Djibouti,2022,59
Chad,2022,60
Gabon,2022,60
Mozambique,2022,61
Nigeria,2022,62
Democratic Republic of the Congo,2022,65
Ethiopia,2022,65
Lebanon,2022,67
Cameroon,2022,68
Vanuatu,2022,68
Afghanistan,2022,69
Bolivia (Plurinational State of),2022,69
Micronesia (Federated States of),2022,69
Paraguay,2022,69
Ecuador,2022,70
Myanmar,2022,71
Cook Islands,2022,72
Philippines,2022,72
Libya,2022,73
South Sudan,2022,73
Ukraine,2022,73
Guinea-Bissau,2022,74
Yemen,2022,74
Bosnia and Herzegovina,2022,75
El Salvador,2022,75
Benin,2022,76
Côte d’Ivoire,2022,76
Mauritania,2022,76
Samoa,2022,76
Algeria,2022,77
Brazil,2022,77
Grenada,2022,77
Jordan,2022,77
Mali,2022,77
Suriname,2022,77
Congo,2022,78
Honduras,2022,78
Liberia,2022,78
Gambia,2022,79
Guatemala,2022,79
Lao People's Democratic Republic,2022,80
Montenegro,2022,80
Argentina,2022,81
Saint Lucia,2022,81
Peru,2022,82
Togo,2022,82
Zambia,2022,82
Azerbaijan,2022,83
Mexico,2022,83
Austria,2022,84
Belize,2022,84
Namibia,2022,84
Niger,2022,84
The former Yugoslav Republic of Macedonia,2022,84
Sudan,2022,84
Cambodia,2022,85
Estonia,2022,85
Georgia,2022,85
Indonesia,2022,85
Pakistan,2022,85
Romania,2022,85
South Africa,2022,85
Barbados,2022,86
Botswana,2022,86
Malawi,2022,86
Marshall Islands,2022,86
Timor-Leste,2022,86
Bahamas,2022,87
Colombia,2022,87
Lesotho,2022,87
Panama,2022,87
Comoros,2022,88
Dominican Republic,2022,88
Republic of Moldova,2022,88
Senegal,2022,88
United Republic of Tanzania,2022,88
New Zealand,2022,89
Slovenia,2022,89
Solomon Islands,2022,89
Uganda,2022,89
Kenya,2022,90
Kyrgyzstan,2022,90
Lithuania,2022,90
Nepal,2022,90
Poland,2022,90
Zimbabwe,2022,90
Bulgaria,2022,91
Burkina Faso,2022,91
Burundi,2022,91
Finland,2022,91
Germany,2022,91
Kiribati,2022,91
Sierra Leone,2022,91
Tuvalu,2022,91
Viet Nam,2022,91
Canada,2022,92
Croatia,2022,92
Dominica,2022,92
Iceland,2022,92
Nicaragua,2022,92
Saint Vincent and the Grenadines,2022,92
San Marino,2022,92
Serbia,2022,92
United Kingdom of Great Britain and Northern Ireland,2022,92
Armenia,2022,93
Cabo Verde,2022,93
India,2022,93
Iraq,2022,93
Ireland,2022,93
Netherlands,2022,93
Spain,2022,93
Trinidad and Tobago,2022,93
Australia,2022,94
Czechia,2022,94
Palau,2022,94
Sweden,2022,94
United States of America,2022,94
Uruguay,2022,94
Costa Rica,2022,95
Eritrea,2022,95
Italy,2022,95
Latvia,2022,95
Mauritius,2022,95
Mongolia,2022,95
Chile,2022,96
Cyprus,2022,96
France,2022,96
Kuwait,2022,96
Saint Kitts and Nevis,2022,96
Switzerland,2022,96
United Arab Emirates,2022,96
Albania,2022,97
Bahrain,2022,97
Denmark,2022,97
Egypt,2022,97
Eswatini,2022,97
Malaysia,2022,97
Norway,2022,97
Russian Federation,2022,97
Sao Tome and Principe,2022,97
Seychelles,2022,97
Singapore,2022,97
Slovakia,2022,97
Tajikistan,2022,97
Thailand,2022,97
Tunisia,2022,97
Andorra,2022,98
Bangladesh,2022,98
Belarus,2022,98
Belgium,2022,98
Bhutan,2022,98
Guyana,2022,98
Israel,2022,98
Jamaica,2022,98
Malta,2022,98
Nauru,2022,98
Occupied Palestinian territory,2022,98
Qatar,2022,98
Republic of Korea,2022,98
Rwanda,2022,98
Saudi Arabia,2022,98
Sri Lanka,2022,98
Turkmenistan,2022,98
Antigua and Barbuda,2022,99
Brunei Darussalam,2022,99
China,2022,99
Cuba,2022,99
Fiji,2022,99
Ghana,2022,99
Greece,2022,99
Hungary,2022,99
Iran (Islamic Republic of),2022,99
Japan,2022,99
Kazakhstan,2022,99
Luxembourg,2022,99
Maldives,2022,99
Monaco,2022,99
Morocco,2022,99
Niue,2022,99
Oman,2022,99
Portugal,2022,99
Türkiye,2022,99
Tonga,2022,99
Uzbekistan,2022,99
Papua New Guinea,2021,31
Myanmar,2021,37
Democratic People's Republic of Korea,2021,41
Central African Republic,2021,42
Somalia,2021,42
Angola,2021,45
Guinea,2021,47
Syrian Arab Republic,2021,48
Haiti,2021,51
Equatorial Guinea,2021,53
Venezuela (Bolivarian Republic of),2021,56
Madagascar,2021,57
Philippines,2021,57
Chad,2021,58
Djibouti,2021,59
Mozambique,2021,61
Nigeria,2021,62
Vanuatu,2021,62
Democratic Republic of the Congo,2021,65
Ethiopia,2021,65
Afghanistan,2021,66
Liberia,2021,66
Guinea-Bissau,2021,67
Indonesia,2021,67
Lebanon,2021,67
Brazil,2021,68
Mauritania,2021,68
Cameroon,2021,69
South Sudan,2021,69
Bolivia (Plurinational State of),2021,70
Paraguay,2021,70
Ecuador,2021,72
Micronesia (Federated States of),2021,72
Suriname,2021,72
Yemen,2021,72
Libya,2021,73
Gabon,2021,75
Lao People's Democratic Republic,2021,75
Benin,2021,76
Bosnia and Herzegovina,2021,76
Côte d’Ivoire,2021,76
Congo,2021,77
Eswatini,2021,77
Grenada,2021,77
Honduras,2021,77
Jordan,2021,77
Mali,2021,77
El Salvador,2021,78
Iraq,2021,78
Mexico,2021,78
Ukraine,2021,78
Guatemala,2021,79
Saint Lucia,2021,80
Algeria,2021,81
Argentina,2021,81
Cook Islands,2021,81
The former Yugoslav Republic of Macedonia,2021,81
United Republic of Tanzania,2021,81
Barbados,2021,82
Gambia,2021,82
Niger,2021,82
Peru,2021,82
Belize,2021,83
Montenegro,2021,83
Pakistan,2021,83
Togo,2021,83
Viet Nam,2021,83
Dominican Republic,2021,84
Sudan,2021,84
Georgia,2021,85
India,2021,85
Samoa,2021,85
Senegal,2021,85
Austria,2021,86
Bahamas,2021,86
Colombia,2021,86
Marshall Islands,2021,86
Romania,2021,86
Slovenia,2021,86
South Africa,2021,86
Timor-Leste,2021,86
Cambodia,2021,87
Lesotho,2021,87
Nicaragua,2021,87
Panama,2021,87
Republic of Moldova,2021,87
Solomon Islands,2021,87
Rwanda,2021,88
Zimbabwe,2021,88
Azerbaijan,2021,89
Bulgaria,2021,89
Finland,2021,89
Kyrgyzstan,2021,89
Estonia,2021,90
Jamaica,2021,90
Kiribati,2021,90
Lithuania,2021,90
New Zealand,2021,90
Poland,2021,90
San Marino,2021,90
Burkina Faso,2021,91
Comoros,2021,91
Germany,2021,91
Kenya,2021,91
Nepal,2021,91
Serbia,2021,91
Uganda,2021,91
Uruguay,2021,91
Zambia,2021,91
Antigua and Barbuda,2021,92
Canada,2021,92
Croatia,2021,92
Dominica,2021,92
Iceland,2021,92
Mauritius,2021,92
Saint Vincent and the Grenadines,2021,92
Sierra Leone,2021,92
Spain,2021,92
Armenia,2021,93
Cabo Verde,2021,93
Costa Rica,2021,93
Malawi,2021,93
United Kingdom of Great Britain and Northern Ireland,2021,93
Burundi,2021,94
Czechia,2021,94
Ireland,2021,94
Italy,2021,94
Kuwait,2021,94
Latvia,2021,94
Namibia,2021,94
Seychelles,2021,94
Trinidad and Tobago,2021,94
Tuvalu,2021,94
United States of America,2021,94
Australia,2021,95
Botswana,2021,95
Chile,2021,95
Eritrea,2021,95
Kazakhstan,2021,95
Malaysia,2021,95
Mongolia,2021,95
Netherlands,2021,95
Occupied Palestinian territory,2021,95
Palau,2021,95
Türkiye,2021,95
Cyprus,2021,96
Egypt,2021,96
France,2021,96
Maldives,2021,96
Saint Kitts and Nevis,2021,96
Sri Lanka,2021,96
Switzerland,2021,96
United Arab Emirates,2021,96
Denmark,2021,97
Norway,2021,97
Russian Federation,2021,97
Sao Tome and Principe,2021,97
Saudi Arabia,2021,97
Slovakia,2021,97
Tajikistan,2021,97
Thailand,2021,97
Tunisia,2021,97
Turkmenistan,2021,97
Albania,2021,98
Bahrain,2021,98
Bangladesh,2021,98
Belarus,2021,98
Belgium,2021,98
Bhutan,2021,98
Ghana,2021,98
Guyana,2021,98
Iran (Islamic Republic of),2021,98
Israel,2021,98
Nauru,2021,98
Qatar,2021,98
Republic of Korea,2021,98
Singapore,2021,98
Sweden,2021,98
Uzbekistan,2021,98
Andorra,2021,99
Brunei Darussalam,2021,99
China,2021,99
Cuba,2021,99
Fiji,2021,99
Greece,2021,99
Hungary,2021,99
Japan,2021,99
Luxembourg,2021,99
Malta,2021,99
Monaco,2021,99
Morocco,2021,99
Niue,2021,99
Oman,2021,99
Portugal,2021,99
Tonga,2021,99
Papua New Guinea,2020,39
Central African Republic,2020,42
Somalia,2020,42
Guinea,2020,47
Syrian Arab Republic,2020,49
Angola,2020,51
Haiti,2020,51
Suriname,2020,51
Chad,2020,52
Equatorial Guinea,2020,53
Venezuela (Bolivarian Republic of),2020,54
Nigeria,2020,62
Gabon,2020,63
Liberia,2020,65
South Sudan,2020,67
Bolivia (Plurinational State of),2020,68
Madagascar,2020,68
Cameroon,2020,69
Afghanistan,2020,70
Democratic Republic of the Congo,2020,70
Djibouti,2020,70
Ecuador,2020,70
Mali,2020,70
Ethiopia,2020,71
Lebanon,2020,71
Philippines,2020,71
Benin,2020,72
Bosnia and Herzegovina,2020,72
Grenada,2020,72
Mauritania,2020,72
Mexico,2020,72
Peru,2020,72
Yemen,2020,72
Congo,2020,73
Libya,2020,73
Argentina,2020,74
Guinea-Bissau,2020,74
Iraq,2020,74
Panama,2020,74
Côte d’Ivoire,2020,75
El Salvador,2020,76
Brazil,2020,77
Indonesia,2020,77
Jordan,2020,77
Vanuatu,2020,78
Azerbaijan,2020,79
Belize,2020,79
Lao People's Democratic Republic,2020,79
Mozambique,2020,79
Paraguay,2020,79
Honduras,2020,80
Pakistan,2020,80
Niger,2020,81
Ukraine,2020,81
Dominican Republic,2020,82
Marshall Islands,2020,82
Togo,2020,82
Bahamas,2020,83
Eswatini,2020,83
Guatemala,2020,83
Micronesia (Federated States of),2020,83
Algeria,2020,84
Montenegro,2020,84
Myanmar,2020,84
Nepal,2020,84
The former Yugoslav Republic of Macedonia,2020,84
South Africa,2020,84
Zambia,2020,84
Austria,2020,85
Barbados,2020,85
Gambia,2020,85
India,2020,85
Republic of Moldova,2020,86
Saint Lucia,2020,86
Timor-Leste,2020,86
United Republic of Tanzania,2020,86
Zimbabwe,2020,86
Cambodia,2020,87
Kyrgyzstan,2020,87
Lesotho,2020,87
Romania,2020,87
Colombia,2020,88
Georgia,2020,88
Kazakhstan,2020,88
Cook Islands,2020,89
Kenya,2020,89
Qatar,2020,89
Samoa,2020,89
San Marino,2020,89
Uganda,2020,89
Finland,2020,90
Poland,2020,90
Sudan,2020,90
United Arab Emirates,2020,90
Armenia,2020,91
Bulgaria,2020,91
Burkina Faso,2020,91
Comoros,2020,91
Estonia,2020,91
Germany,2020,91
Lithuania,2020,91
Rwanda,2020,91
Senegal,2020,91
Sierra Leone,2020,91
Canada,2020,92
Kiribati,2020,92
New Zealand,2020,92
Nicaragua,2020,92
Serbia,2020,92
Uruguay,2020,92
Burundi,2020,93
Cabo Verde,2020,93
Chile,2020,93
Iceland,2020,93
Kuwait,2020,93
Mauritius,2020,93
Namibia,2020,93
United Kingdom of Great Britain and Northern Ireland,2020,93
United States of America,2020,93
Croatia,2020,94
Egypt,2020,94
Ghana,2020,94
Ireland,2020,94
Italy,2020,94
Malawi,2020,94
Netherlands,2020,94
Solomon Islands,2020,94
Spain,2020,94
Viet Nam,2020,94
Australia,2020,95
Bhutan,2020,95
Botswana,2020,95
Eritrea,2020,95
Nauru,2020,95
Saudi Arabia,2020,95
Slovenia,2020,95
Tuvalu,2020,95
Uzbekistan,2020,95
Antigua and Barbuda,2020,96
Cyprus,2020,96
Dominica,2020,96
France,2020,96
Jamaica,2020,96
Japan,2020,96
Mongolia,2020,96
Palau,2020,96
Sao Tome and Principe,2020,96
Sri Lanka,2020,96
Switzerland,2020,96
Trinidad and Tobago,2020,96
Belarus,2020,97
Belgium,2020,97
Costa Rica,2020,97
Czechia,2020,97
Democratic People's Republic of Korea,2020,97
Denmark,2020,97
Norway,2020,97
Russian Federation,2020,97
Saint Vincent and the Grenadines,2020,97
Seychelles,2020,97
Slovakia,2020,97
Sweden,2020,97
Tajikistan,2020,97
Thailand,2020,97
Tunisia,2020,97
Albania,2020,98
Bahrain,2020,98
Bangladesh,2020,98
Israel,2020,98
Malaysia,2020,98
Malta,2020,98
Occupied Palestinian territory,2020,98
Republic of Korea,2020,98
Singapore,2020,98
Türkiye,2020,98
Turkmenistan,2020,98
Andorra,2020,99
Brunei Darussalam,2020,99
China,2020,99
Cuba,2020,99
Fiji,2020,99
Greece,2020,99
Guyana,2020,99
Hungary,2020,99
Iran (Islamic Republic of),2020,99
Latvia,2020,99
Luxembourg,2020,99
Maldives,2020,99
Monaco,2020,99
Morocco,2020,99
Niue,2020,99
Oman,2020,99
Portugal,2020,99
Saint Kitts and Nevis,2020,99
Tonga,2020,99
Papua New Guinea,2019,35
Central African Republic,2019,42
Somalia,2019,42
Guinea,2019,47
Chad,2019,50
Haiti,2019,51
Equatorial Guinea,2019,53
Syrian Arab Republic,2019,54
Angola,2019,57
South Sudan,2019,61
Venezuela (Bolivarian Republic of),2019,64
Nigeria,2019,66
Cameroon,2019,67
Ethiopia,2019,68
Samoa,2019,68
Brazil,2019,70
Gabon,2019,70
Liberia,2019,70
Madagascar,2019,70
Philippines,2019,71
Afghanistan,2019,72
Bosnia and Herzegovina,2019,73
Democratic Republic of the Congo,2019,73
Libya,2019,73
Yemen,2019,73
Bolivia (Plurinational State of),2019,75
Benin,2019,76
Mali,2019,77
Suriname,2019,77
Guinea-Bissau,2019,78
Micronesia (Federated States of),2019,78
Congo,2019,79
Marshall Islands,2019,79
Lao People's Democratic Republic,2019,80
Mauritania,2019,80
Ukraine,2019,80
Côte d’Ivoire,2019,81
Niger,2019,81
Mexico,2019,82
Argentina,2019,83
Lebanon,2019,83
Iraq,2019,84
Pakistan,2019,84
Togo,2019,84
Austria,2019,85
Djibouti,2019,85
Ecuador,2019,85
Guatemala,2019,85
Indonesia,2019,85
Montenegro,2019,85
South Africa,2019,85
Paraguay,2019,86
Lesotho,2019,87
Namibia,2019,87
Algeria,2019,88
Cambodia,2019,88
Gambia,2019,88
Honduras,2019,88
Mozambique,2019,88
Panama,2019,88
Peru,2019,88
Romania,2019,88
San Marino,2019,88
Zambia,2019,88
Bahamas,2019,89
Dominican Republic,2019,89
Jordan,2019,89
United Republic of Tanzania,2019,89
Viet Nam,2019,89
Barbados,2019,90
El Salvador,2019,90
Eswatini,2019,90
Myanmar,2019,90
Timor-Leste,2019,90
Vanuatu,2019,90
Zimbabwe,2019,90
Burkina Faso,2019,91
Canada,2019,91
Comoros,2019,91
Estonia,2019,91
Finland,2019,91
Germany,2019,91
India,2019,91
Kenya,2019,91
Republic of Moldova,2019,91
Armenia,2019,92
Iceland,2019,92
Kuwait,2019,92
Lithuania,2019,92
New Zealand,2019,92
The former Yugoslav Republic of Macedonia,2019,92
Saint Lucia,2019,92
Tuvalu,2019,92
Bulgaria,2019,93
Burundi,2019,93
Nepal,2019,93
Sudan,2019,93
Trinidad and Tobago,2019,93
Uganda,2019,93
United Kingdom of Great Britain and Northern Ireland,2019,93
Azerbaijan,2019,94
Colombia,2019,94
Croatia,2019,94
Georgia,2019,94
Grenada,2019,94
Ireland,2019,94
Netherlands,2019,94
Solomon Islands,2019,94
United States of America,2019,94
Uruguay,2019,94
Antigua and Barbuda,2019,95
Australia,2019,95
Botswana,2019,95
Costa Rica,2019,95
Egypt,2019,95
Eritrea,2019,95
Kyrgyzstan,2019,95
Malawi,2019,95
Poland,2019,95
Sao Tome and Principe,2019,95
Senegal,2019,95
Sierra Leone,2019,95
Slovenia,2019,95
Spain,2019,95
Cabo Verde,2019,96
Chile,2019,96
Cyprus,2019,96
France,2019,96
Italy,2019,96
Jamaica,2019,96
Mauritius,2019,96
Nauru,2019,96
Saudi Arabia,2019,96
Switzerland,2019,96
Uzbekistan,2019,96
Belgium,2019,97
Bhutan,2019,97
Czechia,2019,97
Democratic People's Republic of Korea,2019,97
Denmark,2019,97
Fiji,2019,97
Ghana,2019,97
Kazakhstan,2019,97
Kiribati,2019,97
Norway,2019,97
Palau,2019,97
Russian Federation,2019,97
Saint Kitts and Nevis,2019,97
Saint Vincent and the Grenadines,2019,97
Serbia,2019,97
Singapore,2019,97
Slovakia,2019,97
Tajikistan,2019,97
Thailand,2019,97
Bangladesh,2019,98
Belarus,2019,98
Belize,2019,98
Cook Islands,2019,98
Israel,2019,98
Japan,2019,98
Malaysia,2019,98
Maldives,2019,98
Malta,2019,98
Mongolia,2019,98
Nicaragua,2019,98
Qatar,2019,98
Republic of Korea,2019,98
Rwanda,2019,98
Sweden,2019,98
Tunisia,2019,98
Albania,2019,99
Andorra,2019,99
Bahrain,2019,99
Brunei Darussalam,2019,99
China,2019,99
Cuba,2019,99
Dominica,2019,99
Greece,2019,99
Guyana,2019,99
Hungary,2019,99
Iran (Islamic Republic of),2019,99
Latvia,2019,99
Luxembourg,2019,99
Monaco,2019,99
Morocco,2019,99
Niue,2019,99
Occupied Palestinian territory,2019,99
Oman,2019,99
Portugal,2019,99
Seychelles,2019,99
Sri Lanka,2019,99
Türkiye,2019,99
Tonga,2019,99
Turkmenistan,2019,99
United Arab Emirates,2019,99
Papua New Guinea,2018,35
Central African Republic,2018,42
Somalia,2018,42
Samoa,2018,44
Chad,2018,46
Guinea,2018,47
Syrian Arab Republic,2018,47
Equatorial Guinea,2018,53
South Sudan,2018,59
Venezuela (Bolivarian Republic of),2018,60
Nigeria,2018,61
Angola,2018,63
Haiti,2018,64
Yemen,2018,65
Cameroon,2018,67
Ethiopia,2018,67
Ukraine,2018,69
Gabon,2018,70
Democratic Republic of the Congo,2018,71
Afghanistan,2018,72
Bosnia and Herzegovina,2018,73
Libya,2018,73
Madagascar,2018,74
Congo,2018,75
Micronesia (Federated States of),2018,75
Philippines,2018,75
Viet Nam,2018,75
Benin,2018,76
Mali,2018,77
Mauritania,2018,77
Niger,2018,79
Liberia,2018,80
Pakistan,2018,80
Marshall Islands,2018,81
Suriname,2018,81
Togo,2018,81
Guinea-Bissau,2018,82
South Africa,2018,82
Bolivia (Plurinational State of),2018,83
Lebanon,2018,83
Timor-Leste,2018,83
Côte d’Ivoire,2018,84
Djibouti,2018,84
Austria,2018,85
Ecuador,2018,85
Guatemala,2018,85
Indonesia,2018,85
Lao People's Democratic Republic,2018,85
Solomon Islands,2018,85
Vanuatu,2018,85
Argentina,2018,86
Iraq,2018,86
Montenegro,2018,86
Romania,2018,86
Brazil,2018,87
Dominican Republic,2018,87
Lesotho,2018,87
Mexico,2018,88
Mozambique,2018,88
Panama,2018,88
Paraguay,2018,88
Peru,2018,88
Cambodia,2018,89
El Salvador,2018,89
Namibia,2018,89
Tuvalu,2018,89
United Republic of Tanzania,2018,89
Zimbabwe,2018,89
Bahamas,2018,90
Burundi,2018,90
Eswatini,2018,90
India,2018,90
Nauru,2018,90
San Marino,2018,90
Zambia,2018,90
Algeria,2018,91
Burkina Faso,2018,91
Canada,2018,91
Comoros,2018,91
Finland,2018,91
Germany,2018,91
Honduras,2018,91
Iceland,2018,91
Kuwait,2018,91
Myanmar,2018,91
Nepal,2018,91
Uruguay,2018,91
Armenia,2018,92
Bulgaria,2018,92
Colombia,2018,92
Estonia,2018,92
Kenya,2018,92
Lithuania,2018,92
Malawi,2018,92
The former Yugoslav Republic of Macedonia,2018,92
Senegal,2018,92
Croatia,2018,93
Gambia,2018,93
Georgia,2018,93
Netherlands,2018,93
New Zealand,2018,93
Republic of Moldova,2018,93
Sierra Leone,2018,93
Slovenia,2018,93
Sudan,2018,93
Uganda,2018,93
Costa Rica,2018,94
Dominica,2018,94
Fiji,2018,94
Ireland,2018,94
Kyrgyzstan,2018,94
United Kingdom of Great Britain and Northern Ireland,2018,94
United States of America,2018,94
Antigua and Barbuda,2018,95
Australia,2018,95
Azerbaijan,2018,95
Barbados,2018,95
Botswana,2018,95
Chile,2018,95
Egypt,2018,95
Eritrea,2018,95
Grenada,2018,95
Guyana,2018,95
Italy,2018,95
Kiribati,2018,95
Palau,2018,95
Poland,2018,95
Saint Lucia,2018,95
Sao Tome and Principe,2018,95
Belize,2018,96
France,2018,96
Jordan,2018,96
Latvia,2018,96
Norway,2018,96
Saudi Arabia,2018,96
Serbia,2018,96
Slovakia,2018,96
Spain,2018,96
Switzerland,2018,96
Tajikistan,2018,96
Belarus,2018,97
Bhutan,2018,97
Czechia,2018,97
Democratic People's Republic of Korea,2018,97
Denmark,2018,97
Ghana,2018,97
Jamaica,2018,97
Malta,2018,97
Mauritius,2018,97
Russian Federation,2018,97
Rwanda,2018,97
Saint Vincent and the Grenadines,2018,97
Singapore,2018,97
Sweden,2018,97
Thailand,2018,97
Tunisia,2018,97
Bangladesh,2018,98
Belgium,2018,98
Cabo Verde,2018,98
Israel,2018,98
Japan,2018,98
Kazakhstan,2018,98
Nicaragua,2018,98
Qatar,2018,98
Republic of Korea,2018,98
Saint Kitts and Nevis,2018,98
Türkiye,2018,98
Uzbekistan,2018,98
Albania,2018,99
Andorra,2018,99
Bahrain,2018,99
Brunei Darussalam,2018,99
China,2018,99
Cook Islands,2018,99
Cuba,2018,99
Cyprus,2018,99
Greece,2018,99
Hungary,2018,99
Iran (Islamic Republic of),2018,99
Luxembourg,2018,99
Malaysia,2018,99
Maldives,2018,99
Monaco,2018,99
Mongolia,2018,99
Morocco,2018,99
Niue,2018,99
Occupied Palestinian territory,2018,99
Oman,2018,99
Portugal,2018,99
Seychelles,2018,99
Sri Lanka,2018,99
Tonga,2018,99
Trinidad and Tobago,2018,99
Turkmenistan,2018,99
United Arab Emirates,2018,99
Papua New Guinea,2017,36
Chad,2017,41
Central African Republic,2017,42
Somalia,2017,42
Guinea,2017,47
Syrian Arab Republic,2017,48
Ukraine,2017,50
South Sudan,2017,52
Equatorial Guinea,2017,53
Nigeria,2017,55
Angola,2017,56
Haiti,2017,64
Madagascar,2017,65
Afghanistan,2017,66
Venezuela (Bolivarian Republic of),2017,66
Samoa,2017,67
Suriname,2017,67
Ethiopia,2017,68
Yemen,2017,68
Congo,2017,69
Democratic Republic of the Congo,2017,71
Micronesia (Federated States of),2017,73
Cameroon,2017,74
Bosnia and Herzegovina,2017,75
Gabon,2017,75
Pakistan,2017,75
Benin,2017,76
Djibouti,2017,76
Mauritania,2017,76
Mali,2017,77
Guinea-Bissau,2017,79
Liberia,2017,80
Marshall Islands,2017,80
Philippines,2017,80
Saint Lucia,2017,80
Iraq,2017,81
Panama,2017,81
Kenya,2017,82
Romania,2017,82
Brazil,2017,83
Côte d’Ivoire,2017,83
Lebanon,2017,83
Solomon Islands,2017,83
Timor-Leste,2017,83
Togo,2017,83
Bolivia (Plurinational State of),2017,84
Dominican Republic,2017,84
Lao People's Democratic Republic,2017,84
South Africa,2017,84
Ecuador,2017,85
Indonesia,2017,85
Mexico,2017,85
Niger,2017,85
Vanuatu,2017,85
Argentina,2017,86
Lesotho,2017,87
Montenegro,2017,87
Nauru,2017,87
Belize,2017,88
Malawi,2017,88
Mozambique,2017,88
Namibia,2017,88
Republic of Moldova,2017,88
San Marino,2017,88
Finland,2017,89
Iceland,2017,89
India,2017,89
Myanmar,2017,89
Peru,2017,89
Trinidad and Tobago,2017,89
Zimbabwe,2017,89
Austria,2017,90
Barbados,2017,90
Cambodia,2017,90
Eswatini,2017,90
Honduras,2017,90
Kiribati,2017,90
Nepal,2017,90
Sierra Leone,2017,90
United Republic of Tanzania,2017,90
Algeria,2017,91
Burkina Faso,2017,91
Burundi,2017,91
Canada,2017,91
Comoros,2017,91
Dominica,2017,91
Fiji,2017,91
Georgia,2017,91
Germany,2017,91
Guatemala,2017,91
The former Yugoslav Republic of Macedonia,2017,91
Paraguay,2017,91
Bulgaria,2017,92
Colombia,2017,92
Croatia,2017,92
El Salvador,2017,92
Gambia,2017,92
Kyrgyzstan,2017,92
Chile,2017,93
Estonia,2017,93
Jamaica,2017,93
Senegal,2017,93
Uruguay,2017,93
Armenia,2017,94
Bahamas,2017,94
Egypt,2017,94
Lithuania,2017,94
Mauritius,2017,94
Netherlands,2017,94
New Zealand,2017,94
Slovenia,2017,94
Uganda,2017,94
United Kingdom of Great Britain and Northern Ireland,2017,94
United States of America,2017,94
Viet Nam,2017,94
Zambia,2017,94
Antigua and Barbuda,2017,95
Australia,2017,95
Azerbaijan,2017,95
Botswana,2017,95
Eritrea,2017,95
Ireland,2017,95
Italy,2017,95
Sao Tome and Principe,2017,95
Serbia,2017,95
Spain,2017,95
Sudan,2017,95
Cabo Verde,2017,96
Costa Rica,2017,96
Czechia,2017,96
France,2017,96
Grenada,2017,96
Libya,2017,96
Norway,2017,96
Poland,2017,96
Singapore,2017,96
Slovakia,2017,96
Switzerland,2017,96
Türkiye,2017,96
Tajikistan,2017,96
Tuvalu,2017,96
Bahrain,2017,97
Belarus,2017,97
Cyprus,2017,97
Democratic People's Republic of Korea,2017,97
Guyana,2017,97
Palau,2017,97
Qatar,2017,97
Republic of Korea,2017,97
Russian Federation,2017,97
Seychelles,2017,97
Sweden,2017,97
United Arab Emirates,2017,97
Bangladesh,2017,98
Belgium,2017,98
Bhutan,2017,98
Denmark,2017,98
Israel,2017,98
Latvia,2017,98
Malta,2017,98
Nicaragua,2017,98
Portugal,2017,98
Rwanda,2017,98
Saint Kitts and Nevis,2017,98
Saudi Arabia,2017,98
Tunisia,2017,98
Albania,2017,99
Andorra,2017,99
Brunei Darussalam,2017,99
China,2017,99
Cook Islands,2017,99
Cuba,2017,99
Ghana,2017,99
Greece,2017,99
Hungary,2017,99
Iran (Islamic Republic of),2017,99
Japan,2017,99
Jordan,2017,99
Kazakhstan,2017,99
Kuwait,2017,99
Luxembourg,2017,99
Malaysia,2017,99
Maldives,2017,99
Monaco,2017,99
Mongolia,2017,99
Morocco,2017,99
Niue,2017,99
Occupied Palestinian territory,2017,99
Oman,2017,99
Saint Vincent and the Grenadines,2017,99
Sri Lanka,2017,99
Thailand,2017,99
Tonga,2017,99
Turkmenistan,2017,99
Uzbekistan,2017,99
Ukraine,2016,19
Chad,2016,41
Central African Republic,2016,42
Somalia,2016,42
Syrian Arab Republic,2016,42
South Sudan,2016,45
Papua New Guinea,2016,46
Guinea,2016,47
Equatorial Guinea,2016,53
Nigeria,2016,53
Angola,2016,59
Haiti,2016,64
Afghanistan,2016,66
Ethiopia,2016,66
Djibouti,2016,68
Madagascar,2016,68
Micronesia (Federated States of),2016,69
Democratic Republic of the Congo,2016,70
Congo,2016,71
Iraq,2016,71
Marshall Islands,2016,71
Yemen,2016,71
Liberia,2016,73
Mauritania,2016,74
Samoa,2016,74
Cameroon,2016,75
Gabon,2016,75
Pakistan,2016,75
Benin,2016,76
Mali,2016,76
Suriname,2016,77
Bosnia and Herzegovina,2016,78
Timor-Leste,2016,79
Niger,2016,80
Kiribati,2016,81
Vanuatu,2016,81
Kazakhstan,2016,82
Togo,2016,82
Ecuador,2016,83
Guatemala,2016,83
Lao People's Democratic Republic,2016,83
Lebanon,2016,83
Indonesia,2016,84
Malawi,2016,84
Philippines,2016,84
Sierra Leone,2016,84
Venezuela (Bolivarian Republic of),2016,84
Guinea-Bissau,2016,85
Namibia,2016,85
South Africa,2016,85
Panama,2016,86
San Marino,2016,86
Austria,2016,87
Bolivia (Plurinational State of),2016,87
Côte d’Ivoire,2016,87
Dominican Republic,2016,87
Lesotho,2016,87
Nepal,2016,87
India,2016,88
Mozambique,2016,88
Brazil,2016,89
Kenya,2016,89
Montenegro,2016,89
Peru,2016,89
Republic of Moldova,2016,89
Romania,2016,89
Eswatini,2016,90
Myanmar,2016,90
Zimbabwe,2016,90
Algeria,2016,91
Burkina Faso,2016,91
Cambodia,2016,91
Canada,2016,91
Colombia,2016,91
Comoros,2016,91
Germany,2016,91
Iceland,2016,91
Antigua and Barbuda,2016,92
Argentina,2016,92
Bulgaria,2016,92
Finland,2016,92
Georgia,2016,92
New Zealand,2016,92
Paraguay,2016,92
Serbia,2016,92
United Republic of Tanzania,2016,92
Croatia,2016,93
Estonia,2016,93
Ghana,2016,93
Mexico,2016,93
Senegal,2016,93
Sudan,2016,93
Uganda,2016,93
Armenia,2016,94
Australia,2016,94
Bahamas,2016,94
Burundi,2016,94
Denmark,2016,94
Israel,2016,94
Italy,2016,94
Lithuania,2016,94
Slovenia,2016,94
Solomon Islands,2016,94
Tuvalu,2016,94
United Kingdom of Great Britain and Northern Ireland,2016,94
Belize,2016,95
Botswana,2016,95
Chile,2016,95
Egypt,2016,95
Eritrea,2016,95
Fiji,2016,95
Gambia,2016,95
Honduras,2016,95
Ireland,2016,95
Netherlands,2016,95
The former Yugoslav Republic of Macedonia,2016,95
Saint Lucia,2016,95
United States of America,2016,95
Uruguay,2016,95
Zambia,2016,95
Cabo Verde,2016,96
Czechia,2016,96
Democratic People's Republic of Korea,2016,96
France,2016,96
Grenada,2016,96
Kyrgyzstan,2016,96
Mauritius,2016,96
Norway,2016,96
Sao Tome and Principe,2016,96
Seychelles,2016,96
Slovakia,2016,96
Switzerland,2016,96
Tajikistan,2016,96
Tonga,2016,96
Viet Nam,2016,96
Azerbaijan,2016,97
Barbados,2016,97
Costa Rica,2016,97
Cyprus,2016,97
Guyana,2016,97
Libya,2016,97
Malta,2016,97
Nauru,2016,97
Russian Federation,2016,97
Singapore,2016,97
Spain,2016,97
Trinidad and Tobago,2016,97
Albania,2016,98
Andorra,2016,98
Bangladesh,2016,98
Belarus,2016,98
Belgium,2016,98
Bhutan,2016,98
El Salvador,2016,98
Jordan,2016,98
Latvia,2016,98
Malaysia,2016,98
Nicaragua,2016,98
Palau,2016,98
Poland,2016,98
Portugal,2016,98
Qatar,2016,98
Republic of Korea,2016,98
Rwanda,2016,98
Saint Kitts and Nevis,2016,98
Saudi Arabia,2016,98
Sweden,2016,98
Türkiye,2016,98
Tunisia,2016,98
Turkmenistan,2016,98
Bahrain,2016,99
Brunei Darussalam,2016,99
China,2016,99
Cook Islands,2016,99
Cuba,2016,99
Dominica,2016,99
Greece,2016,99
Hungary,2016,99
Iran (Islamic Republic of),2016,99
Jamaica,2016,99
Japan,2016,99
Kuwait,2016,99
Luxembourg,2016,99
Maldives,2016,99
Monaco,2016,99
Mongolia,2016,99
Morocco,2016,99
Niue,2016,99
Occupied Palestinian territory,2016,99
Oman,2016,99
Saint Vincent and the Grenadines,2016,99
Sri Lanka,2016,99
Thailand,2016,99
United Arab Emirates,2016,99
Uzbekistan,2016,99
Ukraine,2015,23
Equatorial Guinea,2015,40
Syrian Arab Republic,2015,41
Chad,2015,42
Nigeria,2015,42
Somalia,2015,42
Central African Republic,2015,43
South Sudan,2015,46
Guinea,2015,47
Papua New Guinea,2015,49
Angola,2015,59
Madagascar,2015,62
Ethiopia,2015,63
Afghanistan,2015,64
Haiti,2015,64
Liberia,2015,65
Iraq,2015,68
Yemen,2015,69
Democratic Republic of the Congo,2015,70
Guatemala,2015,70
Mali,2015,71
Micronesia (Federated States of),2015,72
Pakistan,2015,72
Mauritania,2015,73
Panama,2015,73
Suriname,2015,73
Benin,2015,74
Philippines,2015,74
Timor-Leste,2015,76
Cameroon,2015,78
Ecuador,2015,78
Kiribati,2015,78
Côte d’Ivoire,2015,79
Congo,2015,80
Gabon,2015,80
Samoa,2015,80
Vanuatu,2015,80
Bosnia and Herzegovina,2015,82
Togo,2015,82
Lao People's Democratic Republic,2015,83
Lebanon,2015,83
Lesotho,2015,83
Djibouti,2015,84
Indonesia,2015,84
Niger,2015,84
Dominican Republic,2015,85
Marshall Islands,2015,85
San Marino,2015,85
South Africa,2015,85
Guinea-Bissau,2015,86
Sierra Leone,2015,86
India,2015,87
Mexico,2015,87
Republic of Moldova,2015,87
Solomon Islands,2015,87
Venezuela (Bolivarian Republic of),2015,87
Zimbabwe,2015,87
Ghana,2015,88
Malawi,2015,88
Mozambique,2015,88
Bolivia (Plurinational State of),2015,89
Kenya,2015,89
Montenegro,2015,89
Myanmar,2015,89
Romania,2015,89
Senegal,2015,89
Uganda,2015,89
Eswatini,2015,90
Palau,2015,90
Peru,2015,90
Zambia,2015,90
Bulgaria,2015,91
Burkina Faso,2015,91
Cambodia,2015,91
Canada,2015,91
Colombia,2015,91
Comoros,2015,91
Jamaica,2015,91
Nauru,2015,91
Nepal,2015,91
The former Yugoslav Republic of Macedonia,2015,91
Costa Rica,2015,92
Grenada,2015,92
Iceland,2015,92
Namibia,2015,92
New Zealand,2015,92
Paraguay,2015,92
Australia,2015,93
Austria,2015,93
Cabo Verde,2015,93
Denmark,2015,93
Egypt,2015,93
Estonia,2015,93
Germany,2015,93
Italy,2015,93
Lithuania,2015,93
Sudan,2015,93
Argentina,2015,94
Armenia,2015,94
Belize,2015,94
Burundi,2015,94
Croatia,2015,94
El Salvador,2015,94
Georgia,2015,94
Latvia,2015,94
Saint Kitts and Nevis,2015,94
Algeria,2015,95
Bahamas,2015,95
Botswana,2015,95
Eritrea,2015,95
Guyana,2015,95
Ireland,2015,95
Israel,2015,95
Netherlands,2015,95
Norway,2015,95
Serbia,2015,95
Slovenia,2015,95
United Kingdom of Great Britain and Northern Ireland,2015,95
United States of America,2015,95
Uruguay,2015,95
Azerbaijan,2015,96
Brazil,2015,96
Chile,2015,96
Democratic People's Republic of Korea,2015,96
Japan,2015,96
Sao Tome and Principe,2015,96
Singapore,2015,96
Slovakia,2015,96
Switzerland,2015,96
Tajikistan,2015,96
Tonga,2015,96
Trinidad and Tobago,2015,96
Tuvalu,2015,96
United Republic of Tanzania,2015,96
Andorra,2015,97
Barbados,2015,97
Cyprus,2015,97
Czechia,2015,97
Finland,2015,97
France,2015,97
Gambia,2015,97
Kyrgyzstan,2015,97
Libya,2015,97
Malta,2015,97
Mauritius,2015,97
Russian Federation,2015,97
Seychelles,2015,97
Spain,2015,97
Türkiye,2015,97
Viet Nam,2015,97
Bahrain,2015,98
Bangladesh,2015,98
Dominica,2015,98
Honduras,2015,98
Iran (Islamic Republic of),2015,98
Kazakhstan,2015,98
Nicaragua,2015,98
Poland,2015,98
Portugal,2015,98
Republic of Korea,2015,98
Rwanda,2015,98
Saudi Arabia,2015,98
Sweden,2015,98
Tunisia,2015,98
Albania,2015,99
Antigua and Barbuda,2015,99
Belarus,2015,99
Belgium,2015,99
Bhutan,2015,99
Brunei Darussalam,2015,99
China,2015,99
Cook Islands,2015,99
Cuba,2015,99
Fiji,2015,99
Greece,2015,99
Hungary,2015,99
Jordan,2015,99
Kuwait,2015,99
Luxembourg,2015,99
Malaysia,2015,99
Maldives,2015,99
Monaco,2015,99
Mongolia,2015,99
Morocco,2015,99
Niue,2015,99
Occupied Palestinian territory,2015,99
Oman,2015,99
Qatar,2015,99
Saint Lucia,2015,99
Saint Vincent and the Grenadines,2015,99
Sri Lanka,2015,99
Thailand,2015,99
Turkmenistan,2015,99
United Arab Emirates,2015,99
Uzbekistan,2015,99
Ukraine,2014,23
Chad,2014,36
Somalia,2014,42
Nigeria,2014,43
Syrian Arab Republic,2014,43
Guinea,2014,44
Central African Republic,2014,45
South Sudan,2014,50
Papua New Guinea,2014,52
Equatorial Guinea,2014,53
Angola,2014,55
Ethiopia,2014,61
Afghanistan,2014,62
Haiti,2014,63
Liberia,2014,63
Mali,2014,66
Madagascar,2014,68
Pakistan,2014,69
Gabon,2014,70
Suriname,2014,71
Côte d’Ivoire,2014,73
Democratic Republic of the Congo,2014,73
Iraq,2014,73
Yemen,2014,73
Benin,2014,74
Guatemala,2014,74
Kiribati,2014,75
Micronesia (Federated States of),2014,77
Solomon Islands,2014,77
Timor-Leste,2014,77
Djibouti,2014,78
Marshall Islands,2014,78
Samoa,2014,78
Venezuela (Bolivarian Republic of),2014,78
Philippines,2014,79
Panama,2014,80
Mauritania,2014,81
Niger,2014,81
Cameroon,2014,83
Ecuador,2014,83
Lao People's Democratic Republic,2014,83
Lebanon,2014,83
Sierra Leone,2014,83
San Marino,2014,84
Togo,2014,84
Bolivia (Plurinational State of),2014,85
India,2014,85
South Africa,2014,85
Uganda,2014,85
Bosnia and Herzegovina,2014,86
Guinea-Bissau,2014,86
Vanuatu,2014,86
Zambia,2014,86
Comoros,2014,87
Mexico,2014,87
Bulgaria,2014,88
Indonesia,2014,88
Lesotho,2014,88
Mozambique,2014,88
Myanmar,2014,88
Namibia,2014,88
Peru,2014,88
Qatar,2014,89
Senegal,2014,89
Tuvalu,2014,89
Cambodia,2014,90
Colombia,2014,90
Congo,2014,90
Iceland,2014,90
Republic of Moldova,2014,90
Burkina Faso,2014,91
Canada,2014,91
Costa Rica,2014,91
Dominican Republic,2014,91
Georgia,2014,91
Malawi,2014,91
Montenegro,2014,91
Zimbabwe,2014,91
Australia,2014,92
Jamaica,2014,92
Kenya,2014,92
Latvia,2014,92
Nepal,2014,92
Trinidad and Tobago,2014,92
Armenia,2014,93
Brazil,2014,93
Democratic People's Republic of Korea,2014,93
Estonia,2014,93
Germany,2014,93
Lithuania,2014,93
New Zealand,2014,93
Norway,2014,93
Paraguay,2014,93
Serbia,2014,93
Argentina,2014,94
Azerbaijan,2014,94
Barbados,2014,94
Denmark,2014,94
Egypt,2014,94
El Salvador,2014,94
Eritrea,2014,94
Libya,2014,94
Romania,2014,94
Sudan,2014,94
Algeria,2014,95
Belize,2014,95
Botswana,2014,95
Burundi,2014,95
Cabo Verde,2014,95
Chile,2014,95
Croatia,2014,95
Israel,2014,95
Italy,2014,95
Kazakhstan,2014,95
Kuwait,2014,95
Nauru,2014,95
The former Yugoslav Republic of Macedonia,2014,95
Palau,2014,95
Sao Tome and Principe,2014,95
Slovenia,2014,95
United Kingdom of Great Britain and Northern Ireland,2014,95
United States of America,2014,95
Uruguay,2014,95
Viet Nam,2014,95
Bahamas,2014,96
Gambia,2014,96
Ireland,2014,96
Japan,2014,96
Kyrgyzstan,2014,96
Netherlands,2014,96
Singapore,2014,96
Switzerland,2014,96
Türkiye,2014,96
Andorra,2014,97
Bangladesh,2014,97
Belarus,2014,97
Czechia,2014,97
Dominica,2014,97
Grenada,2014,97
Malaysia,2014,97
Mauritius,2014,97
Russian Federation,2014,97
Slovakia,2014,97
Spain,2014,97
Sweden,2014,97
Tajikistan,2014,97
United Republic of Tanzania,2014,97
Albania,2014,98
Austria,2014,98
Eswatini,2014,98
Finland,2014,98
France,2014,98
Ghana,2014,98
Guyana,2014,98
Jordan,2014,98
Nicaragua,2014,98
Poland,2014,98
Portugal,2014,98
Rwanda,2014,98
Saint Kitts and Nevis,2014,98
Saint Vincent and the Grenadines,2014,98
Saudi Arabia,2014,98
Tonga,2014,98
Tunisia,2014,98
Turkmenistan,2014,98
Antigua and Barbuda,2014,99
Bahrain,2014,99
Belgium,2014,99
Bhutan,2014,99
Brunei Darussalam,2014,99
China,2014,99
Cook Islands,2014,99
Cuba,2014,99
Cyprus,2014,99
Fiji,2014,99
Greece,2014,99
Honduras,2014,99
Hungary,2014,99
Iran (Islamic Republic of),2014,99
Luxembourg,2014,99
Maldives,2014,99
Malta,2014,99
Monaco,2014,99
Mongolia,2014,99
Morocco,2014,99
Niue,2014,99
Occupied Palestinian territory,2014,99
Oman,2014,99
Republic of Korea,2014,99
Saint Lucia,2014,99
Seychelles,2014,99
Sri Lanka,2014,99
Thailand,2014,99
United Arab Emirates,2014,99
Uzbekistan,2014,99
Central African Republic,2013,23
Chad,2013,39
Syrian Arab Republic,2013,41
Somalia,2013,42
Nigeria,2013,43
Guinea,2013,50
Equatorial Guinea,2013,53
South Sudan,2013,53
Angola,2013,54
Ethiopia,2013,59
Viet Nam,2013,59
Papua New Guinea,2013,60
Afghanistan,2013,64
Mali,2013,64
Haiti,2013,65
Pakistan,2013,65
Madagascar,2013,70
Democratic Republic of the Congo,2013,71
Iraq,2013,73
Niger,2013,73
Yemen,2013,73
Côte d’Ivoire,2013,75
Myanmar,2013,75
Suriname,2013,76
Ukraine,2013,76
Benin,2013,77
Gabon,2013,79
Marshall Islands,2013,79
Zambia,2013,79
Liberia,2013,80
Mauritania,2013,80
Panama,2013,80
Micronesia (Federated States of),2013,81
South Africa,2013,81
Djibouti,2013,82
Timor-Leste,2013,82
Venezuela (Bolivarian Republic of),2013,82
Dominican Republic,2013,83
India,2013,83
Lao People's Democratic Republic,2013,83
Lebanon,2013,83
Mexico,2013,83
Solomon Islands,2013,83
Philippines,2013,84
Samoa,2013,84
Togo,2013,84
Uganda,2013,84
Vanuatu,2013,84
Congo,2013,85
Mozambique,2013,85
Cambodia,2013,86
San Marino,2013,86
Bolivia (Plurinational State of),2013,87
Comoros,2013,87
Ecuador,2013,87
Guinea-Bissau,2013,87
Kenya,2013,87
Nauru,2013,87
Burkina Faso,2013,88
Peru,2013,88
Bosnia and Herzegovina,2013,89
Cameroon,2013,89
Malawi,2013,89
Namibia,2013,89
Ghana,2013,90
Republic of Moldova,2013,90
Tuvalu,2013,90
Australia,2013,91
Barbados,2013,91
Canada,2013,91
Chile,2013,91
Colombia,2013,91
Iceland,2013,91
Paraguay,2013,91
United Republic of Tanzania,2013,91
El Salvador,2013,92
Indonesia,2013,92
Nepal,2013,92
New Zealand,2013,92
Romania,2013,92
Senegal,2013,92
Sierra Leone,2013,92
Trinidad and Tobago,2013,92
Azerbaijan,2013,93
Cabo Verde,2013,93
Democratic People's Republic of Korea,2013,93
Georgia,2013,93
Germany,2013,93
Jamaica,2013,93
Lesotho,2013,93
Lithuania,2013,93
Sudan,2013,93
Argentina,2013,94
Denmark,2013,94
Eritrea,2013,94
Estonia,2013,94
Latvia,2013,94
Montenegro,2013,94
Norway,2013,94
United States of America,2013,94
Uruguay,2013,94
Algeria,2013,95
Armenia,2013,95
Austria,2013,95
Belize,2013,95
Botswana,2013,95
Bulgaria,2013,95
Costa Rica,2013,95
Kiribati,2013,95
Serbia,2013,95
Slovenia,2013,95
United Kingdom of Great Britain and Northern Ireland,2013,95
Zimbabwe,2013,95
Andorra,2013,96
Bangladesh,2013,96
Burundi,2013,96
Croatia,2013,96
Dominica,2013,96
Guatemala,2013,96
Ireland,2013,96
Israel,2013,96
Italy,2013,96
Japan,2013,96
Libya,2013,96
Spain,2013,96
Switzerland,2013,96
Tajikistan,2013,96
Bahamas,2013,97
Bhutan,2013,97
Brazil,2013,97
Egypt,2013,97
Gambia,2013,97
Grenada,2013,97
Kyrgyzstan,2013,97
Malaysia,2013,97
Netherlands,2013,97
Qatar,2013,97
Russian Federation,2013,97
Saint Kitts and Nevis,2013,97
Saint Vincent and the Grenadines,2013,97
Sao Tome and Principe,2013,97
Singapore,2013,97
Belarus,2013,98
Cook Islands,2013,98
Czechia,2013,98
Eswatini,2013,98
Finland,2013,98
Guyana,2013,98
Iran (Islamic Republic of),2013,98
Jordan,2013,98
Kazakhstan,2013,98
Mauritius,2013,98
Mongolia,2013,98
Nicaragua,2013,98
The former Yugoslav Republic of Macedonia,2013,98
Oman,2013,98
Portugal,2013,98
Rwanda,2013,98
Saudi Arabia,2013,98
Seychelles,2013,98
Slovakia,2013,98
Sweden,2013,98
Türkiye,2013,98
Tunisia,2013,98
Turkmenistan,2013,98
United Arab Emirates,2013,98
Albania,2013,99
Antigua and Barbuda,2013,99
Bahrain,2013,99
Belgium,2013,99
Brunei Darussalam,2013,99
China,2013,99
Cuba,2013,99
Cyprus,2013,99
Fiji,2013,99
France,2013,99
Greece,2013,99
Honduras,2013,99
Hungary,2013,99
Kuwait,2013,99
Luxembourg,2013,99
Maldives,2013,99
Malta,2013,99
Monaco,2013,99
Morocco,2013,99
Niue,2013,99
Occupied Palestinian territory,2013,99
Palau,2013,99
Poland,2013,99
Republic of Korea,2013,99
Saint Lucia,2013,99
Sri Lanka,2013,99
Thailand,2013,99
Tonga,2013,99
Uzbekistan,2013,99
Chad,2012,40
Nigeria,2012,42
Somalia,2012,42
Syrian Arab Republic,2012,45
Central African Republic,2012,47
Angola,2012,53
Equatorial Guinea,2012,54
Guinea,2012,57
Papua New Guinea,2012,57
Ethiopia,2012,62
South Sudan,2012,63
Pakistan,2012,64
Mali,2012,65
Haiti,2012,66
Afghanistan,2012,67
Yemen,2012,67
Madagascar,2012,68
Democratic Republic of the Congo,2012,71
Niger,2012,71
South Africa,2012,71
Iraq,2012,72
Suriname,2012,76
Ukraine,2012,76
Lao People's Democratic Republic,2012,77
Zambia,2012,78
Nauru,2012,79
Benin,2012,80
Liberia,2012,80
Marshall Islands,2012,80
Mauritania,2012,80
Djibouti,2012,81
Micronesia (Federated States of),2012,81
Mozambique,2012,81
Venezuela (Bolivarian Republic of),2012,81
Côte d’Ivoire,2012,82
Gabon,2012,82
India,2012,82
Samoa,2012,82
Vanuatu,2012,82
Lebanon,2012,83
Timor-Leste,2012,83
Uganda,2012,83
Myanmar,2012,84
Namibia,2012,84
Togo,2012,84
Cameroon,2012,85
Congo,2012,85
Dominican Republic,2012,85
Panama,2012,85
Comoros,2012,86
Barbados,2012,87
Ecuador,2012,87
Guinea-Bissau,2012,87
Indonesia,2012,87
Azerbaijan,2012,89
Iceland,2012,89
Palau,2012,89
Philippines,2012,89
San Marino,2012,89
Burkina Faso,2012,90
Cambodia,2012,90
Chile,2012,90
Nepal,2012,90
Argentina,2012,91
Canada,2012,91
Colombia,2012,91
Costa Rica,2012,91
Latvia,2012,91
Paraguay,2012,91
Romania,2012,91
Senegal,2012,91
Serbia,2012,91
Sierra Leone,2012,91
Australia,2012,92
Austria,2012,92
Bosnia and Herzegovina,2012,92
Georgia,2012,92
Ghana,2012,92
Qatar,2012,92
Republic of Moldova,2012,92
Solomon Islands,2012,92
Sudan,2012,92
Trinidad and Tobago,2012,92
United Republic of Tanzania,2012,92
Bolivia (Plurinational State of),2012,93
Egypt,2012,93
El Salvador,2012,93
Lithuania,2012,93
New Zealand,2012,93
Bangladesh,2012,94
Cabo Verde,2012,94
Denmark,2012,94
Eritrea,2012,94
Estonia,2012,94
Israel,2012,94
Kenya,2012,94
Kiribati,2012,94
Montenegro,2012,94
Tajikistan,2012,94
United States of America,2012,94
Algeria,2012,95
Armenia,2012,95
Botswana,2012,95
Brazil,2012,95
Brunei Darussalam,2012,95
Bulgaria,2012,95
Eswatini,2012,95
Germany,2012,95
Ireland,2012,95
Lesotho,2012,95
The former Yugoslav Republic of Macedonia,2012,95
Norway,2012,95
Peru,2012,95
Tonga,2012,95
United Kingdom of Great Britain and Northern Ireland,2012,95
Uruguay,2012,95
Zimbabwe,2012,95
Burundi,2012,96
Croatia,2012,96
Democratic People's Republic of Korea,2012,96
Guatemala,2012,96
Jamaica,2012,96
Kyrgyzstan,2012,96
Malawi,2012,96
Saint Vincent and the Grenadines,2012,96
Sao Tome and Principe,2012,96
Slovenia,2012,96
Spain,2012,96
Switzerland,2012,96
United Arab Emirates,2012,96
Bhutan,2012,97
Dominica,2012,97
Grenada,2012,97
Guyana,2012,97
Italy,2012,97
Japan,2012,97
Malaysia,2012,97
Netherlands,2012,97
Occupied Palestinian territory,2012,97
Russian Federation,2012,97
Singapore,2012,97
Türkiye,2012,97
Tunisia,2012,97
Turkmenistan,2012,97
Tuvalu,2012,97
Viet Nam,2012,97
Antigua and Barbuda,2012,98
Bahamas,2012,98
Belarus,2012,98
Belize,2012,98
Cook Islands,2012,98
Gambia,2012,98
Honduras,2012,98
Jordan,2012,98
Kuwait,2012,98
Libya,2012,98
Mauritius,2012,98
Nicaragua,2012,98
Oman,2012,98
Portugal,2012,98
Rwanda,2012,98
Saint Kitts and Nevis,2012,98
Saint Lucia,2012,98
Saudi Arabia,2012,98
Seychelles,2012,98
Sweden,2012,98
Albania,2012,99
Andorra,2012,99
Bahrain,2012,99
Belgium,2012,99
China,2012,99
Cuba,2012,99
Cyprus,2012,99
Czechia,2012,99
Fiji,2012,99
Finland,2012,99
France,2012,99
Greece,2012,99
Hungary,2012,99
Iran (Islamic Republic of),2012,99
Kazakhstan,2012,99
Luxembourg,2012,99
Maldives,2012,99
Malta,2012,99
Mexico,2012,99
Monaco,2012,99
Mongolia,2012,99
Morocco,2012,99
Niue,2012,99
Poland,2012,99
Republic of Korea,2012,99
Slovakia,2012,99
Sri Lanka,2012,99
Thailand,2012,99
Uzbekistan,2012,99
Chad,2011,33
Somalia,2011,41
Central African Republic,2011,47
Nigeria,2011,48
Ukraine,2011,50
Angola,2011,52
Equatorial Guinea,2011,54
Papua New Guinea,2011,58
Côte d’Ivoire,2011,61
South Sudan,2011,61
Guinea,2011,63
Pakistan,2011,63
Ethiopia,2011,65
Mali,2011,66
Timor-Leste,2011,67
Afghanistan,2011,68
Haiti,2011,68
Yemen,2011,69
Democratic Republic of the Congo,2011,70
Syrian Arab Republic,2011,72
Madagascar,2011,73
Benin,2011,75
Gabon,2011,75
Mauritania,2011,75
Niger,2011,75
South Africa,2011,75
Lao People's Democratic Republic,2011,76
Liberia,2011,77
Mozambique,2011,78
Venezuela (Bolivarian Republic of),2011,78
Vanuatu,2011,79
Suriname,2011,80
Indonesia,2011,81
Iraq,2011,81
Zambia,2011,81
Cameroon,2011,82
Congo,2011,82
India,2011,82
Lebanon,2011,82
Namibia,2011,82
Samoa,2011,82
Uganda,2011,82
Comoros,2011,83
Dominican Republic,2011,84
Micronesia (Federated States of),2011,84
Myanmar,2011,84
Palau,2011,84
Colombia,2011,85
Costa Rica,2011,85
Togo,2011,85
Guinea-Bissau,2011,86
Azerbaijan,2011,87
Canada,2011,87
Djibouti,2011,87
Marshall Islands,2011,87
Panama,2011,87
Bosnia and Herzegovina,2011,88
Ecuador,2011,88
Guatemala,2011,88
Austria,2011,89
El Salvador,2011,89
Philippines,2011,89
Romania,2011,89
Sierra Leone,2011,89
Cabo Verde,2011,90
Trinidad and Tobago,2011,90
United Republic of Tanzania,2011,90
Argentina,2011,91
Barbados,2011,91
Burkina Faso,2011,91
Cambodia,2011,91
Denmark,2011,91
Eswatini,2011,91
Ghana,2011,91
Peru,2011,91
Solomon Islands,2011,91
Australia,2011,92
Jamaica,2011,92
Latvia,2011,92
Lithuania,2011,92
Nepal,2011,92
Paraguay,2011,92
San Marino,2011,92
Senegal,2011,92
Cook Islands,2011,93
Estonia,2011,93
Guyana,2011,93
Qatar,2011,93
Republic of Moldova,2011,93
Sudan,2011,93
Zimbabwe,2011,93
Chile,2011,94
Democratic People's Republic of Korea,2011,94
Eritrea,2011,94
Georgia,2011,94
Israel,2011,94
Norway,2011,94
Serbia,2011,94
Algeria,2011,95
Armenia,2011,95
Belize,2011,95
Bhutan,2011,95
Bolivia (Plurinational State of),2011,95
Botswana,2011,95
Bulgaria,2011,95
Germany,2011,95
Grenada,2011,95
Iceland,2011,95
Ireland,2011,95
Montenegro,2011,95
New Zealand,2011,95
United Arab Emirates,2011,95
United Kingdom of Great Britain and Northern Ireland,2011,95
Uruguay,2011,95
Viet Nam,2011,95
Bangladesh,2011,96
Burundi,2011,96
Croatia,2011,96
Egypt,2011,96
Gambia,2011,96
Italy,2011,96
Kenya,2011,96
Kyrgyzstan,2011,96
Lesotho,2011,96
Malaysia,2011,96
Maldives,2011,96
Malta,2011,96
The former Yugoslav Republic of Macedonia,2011,96
Saint Vincent and the Grenadines,2011,96
Sao Tome and Principe,2011,96
Singapore,2011,96
Slovenia,2011,96
Switzerland,2011,96
Tajikistan,2011,96
Tuvalu,2011,96
United States of America,2011,96
Brunei Darussalam,2011,97
Cuba,2011,97
Honduras,2011,97
Japan,2011,97
Malawi,2011,97
Mexico,2011,97
Netherlands,2011,97
Portugal,2011,97
Russian Federation,2011,97
Rwanda,2011,97
Spain,2011,97
Türkiye,2011,97
Turkmenistan,2011,97
Bahamas,2011,98
Belarus,2011,98
Belgium,2011,98
Dominica,2011,98
Jordan,2011,98
Libya,2011,98
Mauritius,2011,98
Nicaragua,2011,98
Saint Kitts and Nevis,2011,98
Saudi Arabia,2011,98
Sweden,2011,98
Tunisia,2011,98
Albania,2011,99
Andorra,2011,99
Antigua and Barbuda,2011,99
Bahrain,2011,99
Brazil,2011,99
China,2011,99
Cyprus,2011,99
Czechia,2011,99
Fiji,2011,99
Finland,2011,99
France,2011,99
Greece,2011,99
Hungary,2011,99
Iran (Islamic Republic of),2011,99
Kazakhstan,2011,99
Kiribati,2011,99
Kuwait,2011,99
Luxembourg,2011,99
Monaco,2011,99
Mongolia,2011,99
Morocco,2011,99
Nauru,2011,99
Niue,2011,99
Occupied Palestinian territory,2011,99
Oman,2011,99
Poland,2011,99
Republic of Korea,2011,99
Saint Lucia,2011,99
Seychelles,2011,99
Slovakia,2011,99
Sri Lanka,2011,99
Thailand,2011,99
Tonga,2011,99
Uzbekistan,2011,99
Chad,2010,39
Central African Republic,2010,45
Somalia,2010,45
Angola,2010,51
Pakistan,2010,52
Ukraine,2010,52
Equatorial Guinea,2010,54
Nigeria,2010,54
Papua New Guinea,2010,55
Democratic Republic of the Congo,2010,60
Ethiopia,2010,61
Guinea,2010,64
Mauritania,2010,64
Afghanistan,2010,66
Gabon,2010,67
Haiti,2010,67
Palau,2010,69
Liberia,2010,70
Madagascar,2010,70
Niger,2010,70
Timor-Leste,2010,72
Mali,2010,73
Comoros,2010,74
Congo,2010,74
Iraq,2010,74
Lao People's Democratic Republic,2010,74
Mozambique,2010,74
Benin,2010,76
Malta,2010,76
Yemen,2010,76
South Africa,2010,77
Vanuatu,2010,77
Côte d’Ivoire,2010,78
Samoa,2010,78
Venezuela (Bolivarian Republic of),2010,78
India,2010,79
Syrian Arab Republic,2010,80
Uganda,2010,80
Azerbaijan,2010,81
Indonesia,2010,81
Lebanon,2010,82
Nepal,2010,82
Guinea-Bissau,2010,83
Namibia,2010,83
Solomon Islands,2010,83
Togo,2010,83
Zambia,2010,83
Cameroon,2010,84
Micronesia (Federated States of),2010,85
Austria,2010,86
Barbados,2010,86
Sierra Leone,2010,86
Colombia,2010,88
Costa Rica,2010,88
Djibouti,2010,88
Dominican Republic,2010,88
Philippines,2010,88
Bosnia and Herzegovina,2010,89
Canada,2010,89
El Salvador,2010,89
Eswatini,2010,89
Senegal,2010,89
Tuvalu,2010,89
Zimbabwe,2010,89
Cambodia,2010,90
Denmark,2010,90
Kenya,2010,90
Myanmar,2010,90
Republic of Moldova,2010,90
San Marino,2010,90
Sudan,2010,90
Trinidad and Tobago,2010,90
Bhutan,2010,91
Bolivia (Plurinational State of),2010,91
Burkina Faso,2010,91
Ecuador,2010,91
Kiribati,2010,91
Paraguay,2010,91
Serbia,2010,91
United Republic of Tanzania,2010,91
Australia,2010,92
Chile,2010,92
Georgia,2010,92
Latvia,2010,92
Democratic People's Republic of Korea,2010,93
Lesotho,2010,93
Malawi,2010,93
New Zealand,2010,93
Norway,2010,93
Peru,2010,93
Tajikistan,2010,93
Viet Nam,2010,93
Argentina,2010,94
Armenia,2010,94
Bangladesh,2010,94
Bulgaria,2010,94
Estonia,2010,94
Ghana,2010,94
Guatemala,2010,94
Ireland,2010,94
Jamaica,2010,94
Marshall Islands,2010,94
Montenegro,2010,94
Panama,2010,94
Republic of Korea,2010,94
Romania,2010,94
Suriname,2010,94
United Arab Emirates,2010,94
United Kingdom of Great Britain and Northern Ireland,2010,94
Algeria,2010,95
Botswana,2010,95
Brunei Darussalam,2010,95
Eritrea,2010,95
Guyana,2010,95
Israel,2010,95
Lithuania,2010,95
Mexico,2010,95
The former Yugoslav Republic of Macedonia,2010,95
Switzerland,2010,95
United States of America,2010,95
Uruguay,2010,95
Belize,2010,96
Burundi,2010,96
Cuba,2010,96
Germany,2010,96
Iceland,2010,96
Italy,2010,96
Kyrgyzstan,2010,96
Malaysia,2010,96
Maldives,2010,96
Mongolia,2010,96
Saint Kitts and Nevis,2010,96
Singapore,2010,96
Slovenia,2010,96
Turkmenistan,2010,96
Croatia,2010,97
Egypt,2010,97
Gambia,2010,97
Grenada,2010,97
Honduras,2010,97
Japan,2010,97
Netherlands,2010,97
Qatar,2010,97
Russian Federation,2010,97
Rwanda,2010,97
Saint Lucia,2010,97
Spain,2010,97
Türkiye,2010,97
Antigua and Barbuda,2010,98
Belarus,2010,98
Belgium,2010,98
Dominica,2010,98
Jordan,2010,98
Kuwait,2010,98
Libya,2010,98
Nicaragua,2010,98
Portugal,2010,98
Sao Tome and Principe,2010,98
Saudi Arabia,2010,98
Sweden,2010,98
Tunisia,2010,98
Albania,2010,99
Andorra,2010,99
Bahamas,2010,99
Bahrain,2010,99
Brazil,2010,99
Cabo Verde,2010,99
China,2010,99
Cook Islands,2010,99
Cyprus,2010,99
Czechia,2010,99
Fiji,2010,99
Finland,2010,99
France,2010,99
Greece,2010,99
Hungary,2010,99
Iran (Islamic Republic of),2010,99
Kazakhstan,2010,99
Luxembourg,2010,99
Mauritius,2010,99
Monaco,2010,99
Morocco,2010,99
Nauru,2010,99
Niue,2010,99
Occupied Palestinian territory,2010,99
Oman,2010,99
Poland,2010,99
Saint Vincent and the Grenadines,2010,99
Seychelles,2010,99
Slovakia,2010,99
Sri Lanka,2010,99
Thailand,2010,99
Tonga,2010,99
Uzbekistan,2010,99
Chad,2009,25
Central African Republic,2009,42
Somalia,2009,42
Palau,2009,49
Angola,2009,50
Equatorial Guinea,2009,52
Pakistan,2009,52
Guinea,2009,57
Ethiopia,2009,58
Afghanistan,2009,63
Nigeria,2009,63
Mauritania,2009,64
Papua New Guinea,2009,64
Samoa,2009,64
Haiti,2009,65
Lao People's Democratic Republic,2009,67
Democratic Republic of the Congo,2009,71
Niger,2009,71
Ukraine,2009,71
Timor-Leste,2009,72
Mali,2009,73
Malta,2009,73
Zimbabwe,2009,73
India,2009,74
Mozambique,2009,74
Vanuatu,2009,75
Gabon,2009,76
Yemen,2009,76
Madagascar,2009,77
Congo,2009,78
Indonesia,2009,78
Iraq,2009,78
Togo,2009,78
Benin,2009,79
Uganda,2009,79
Cameroon,2009,80
Guinea-Bissau,2009,80
Syrian Arab Republic,2009,80
Azerbaijan,2009,81
Côte d’Ivoire,2009,81
Lebanon,2009,81
Liberia,2009,81
South Africa,2009,81
Sudan,2009,81
Cook Islands,2009,82
Dominican Republic,2009,82
Austria,2009,83
Comoros,2009,83
Namibia,2009,83
Sierra Leone,2009,84
Venezuela (Bolivarian Republic of),2009,84
Panama,2009,85
Republic of Moldova,2009,85
United Republic of Tanzania,2009,85
Costa Rica,2009,86
Kiribati,2009,86
Paraguay,2009,86
Senegal,2009,86
Solomon Islands,2009,86
Suriname,2009,87
Eswatini,2009,88
Georgia,2009,88
Kenya,2009,88
Philippines,2009,88
Tuvalu,2009,88
Denmark,2009,89
Djibouti,2009,89
Nepal,2009,89
Bosnia and Herzegovina,2009,90
Jamaica,2009,90
Myanmar,2009,90
San Marino,2009,90
Trinidad and Tobago,2009,90
Canada,2009,91
El Salvador,2009,91
Lesotho,2009,91
Micronesia (Federated States of),2009,91
Australia,2009,92
Burkina Faso,2009,92
Colombia,2009,92
Guatemala,2009,92
Montenegro,2009,92
New Zealand,2009,92
Armenia,2009,93
Barbados,2009,93
Bhutan,2009,93
Bolivia (Plurinational State of),2009,93
Democratic People's Republic of Korea,2009,93
Malawi,2009,93
Peru,2009,93
Tajikistan,2009,93
United Arab Emirates,2009,93
United Kingdom of Great Britain and Northern Ireland,2009,93
Argentina,2009,94
Bulgaria,2009,94
Burundi,2009,94
Cambodia,2009,94
Chile,2009,94
Ecuador,2009,94
Ghana,2009,94
Ireland,2009,94
Latvia,2009,94
Norway,2009,94
Republic of Korea,2009,94
Zambia,2009,94
Algeria,2009,95
Eritrea,2009,95
Estonia,2009,95
Kyrgyzstan,2009,95
Mexico,2009,95
Mongolia,2009,95
Romania,2009,95
Saint Lucia,2009,95
Serbia,2009,95
Switzerland,2009,95
United States of America,2009,95
Uruguay,2009,95
Bahamas,2009,96
Belarus,2009,96
Botswana,2009,96
Croatia,2009,96
Cuba,2009,96
Germany,2009,96
Iceland,2009,96
Israel,2009,96
Italy,2009,96
Marshall Islands,2009,96
The former Yugoslav Republic of Macedonia,2009,96
Portugal,2009,96
Slovenia,2009,96
Spain,2009,96
Türkiye,2009,96
Turkmenistan,2009,96
Viet Nam,2009,96
Bangladesh,2009,97
Belize,2009,97
Egypt,2009,97
Honduras,2009,97
Japan,2009,97
Malaysia,2009,97
Netherlands,2009,97
Occupied Palestinian territory,2009,97
Rwanda,2009,97
Singapore,2009,97
Sri Lanka,2009,97
Albania,2009,98
Bahrain,2009,98
Belgium,2009,98
France,2009,98
Gambia,2009,98
Guyana,2009,98
Jordan,2009,98
Kazakhstan,2009,98
Libya,2009,98
Lithuania,2009,98
Maldives,2009,98
Nicaragua,2009,98
Oman,2009,98
Russian Federation,2009,98
Saint Kitts and Nevis,2009,98
Sao Tome and Principe,2009,98
Saudi Arabia,2009,98
Sweden,2009,98
Uzbekistan,2009,98
Andorra,2009,99
Antigua and Barbuda,2009,99
Brazil,2009,99
Brunei Darussalam,2009,99
Cabo Verde,2009,99
China,2009,99
Cyprus,2009,99
Czechia,2009,99
Dominica,2009,99
Fiji,2009,99
Finland,2009,99
Greece,2009,99
Grenada,2009,99
Hungary,2009,99
Iran (Islamic Republic of),2009,99
Kuwait,2009,99
Luxembourg,2009,99
Mauritius,2009,99
Monaco,2009,99
Morocco,2009,99
Nauru,2009,99
Niue,2009,99
Poland,2009,99
Qatar,2009,99
Saint Vincent and the Grenadines,2009,99
Seychelles,2009,99
Slovakia,2009,99
Thailand,2009,99
Tonga,2009,99
Tunisia,2009,99
Chad,2008,19
Somalia,2008,31
Samoa,2008,39
Central African Republic,2008,45
Angola,2008,49
Equatorial Guinea,2008,50
Venezuela (Bolivarian Republic of),2008,50
Nigeria,2008,53
Pakistan,2008,53
Ethiopia,2008,54
Papua New Guinea,2008,56
Guinea,2008,60
Lao People's Democratic Republic,2008,61
Afghanistan,2008,64
Haiti,2008,64
Niger,2008,67
Democratic Republic of the Congo,2008,68
Iraq,2008,69
India,2008,70
Uganda,2008,71
Malta,2008,72
Vanuatu,2008,73
Côte d’Ivoire,2008,74
Mali,2008,74
Mauritania,2008,74
Benin,2008,75
Liberia,2008,75
Mozambique,2008,75
Zimbabwe,2008,75
Guinea-Bissau,2008,77
Indonesia,2008,77
Madagascar,2008,77
Sierra Leone,2008,77
Yemen,2008,78
Congo,2008,79
Syrian Arab Republic,2008,79
Timor-Leste,2008,79
Azerbaijan,2008,81
Comoros,2008,81
Lebanon,2008,81
Togo,2008,81
Dominican Republic,2008,82
Gabon,2008,82
Kiribati,2008,82
Nepal,2008,82
South Africa,2008,82
Austria,2008,83
Namibia,2008,83
Cameroon,2008,84
Barbados,2008,85
Micronesia (Federated States of),2008,85
Myanmar,2008,85
Solomon Islands,2008,85
Suriname,2008,85
Panama,2008,86
Sudan,2008,86
Tajikistan,2008,86
United Republic of Tanzania,2008,86
Philippines,2008,87
Zambia,2008,87
Bolivia (Plurinational State of),2008,88
Denmark,2008,88
Eswatini,2008,88
Kenya,2008,88
Lesotho,2008,88
Senegal,2008,88
Armenia,2008,89
Djibouti,2008,89
New Zealand,2008,89
Paraguay,2008,89
Costa Rica,2008,90
Republic of Moldova,2008,90
Trinidad and Tobago,2008,90
Ukraine,2008,90
Bosnia and Herzegovina,2008,91
Cambodia,2008,91
Jamaica,2008,91
Malawi,2008,91
San Marino,2008,91
Australia,2008,92
Burundi,2008,92
Canada,2008,92
Colombia,2008,92
Democratic People's Republic of Korea,2008,92
Georgia,2008,92
Palau,2008,92
United Arab Emirates,2008,92
United Kingdom of Great Britain and Northern Ireland,2008,92
Algeria,2008,93
Argentina,2008,93
Bahamas,2008,93
Burkina Faso,2008,93
Ghana,2008,93
Guyana,2008,93
Honduras,2008,93
Ireland,2008,93
Peru,2008,93
Viet Nam,2008,93
Belize,2008,94
Israel,2008,94
Latvia,2008,94
Norway,2008,94
Republic of Korea,2008,94
Uruguay,2008,94
Bulgaria,2008,95
Chile,2008,95
Cuba,2008,95
Eritrea,2008,95
Estonia,2008,95
Guatemala,2008,95
Kyrgyzstan,2008,95
Marshall Islands,2008,95
Montenegro,2008,95
The former Yugoslav Republic of Macedonia,2008,95
Serbia,2008,95
Switzerland,2008,95
Bangladesh,2008,96
Bhutan,2008,96
Botswana,2008,96
Croatia,2008,96
Dominica,2008,96
Ecuador,2008,96
Gambia,2008,96
Germany,2008,96
Italy,2008,96
Lithuania,2008,96
Mexico,2008,96
Mongolia,2008,96
Occupied Palestinian territory,2008,96
Romania,2008,96
Saint Lucia,2008,96
Türkiye,2008,96
Turkmenistan,2008,96
United States of America,2008,96
Bahrain,2008,97
Belarus,2008,97
China,2008,97
Cyprus,2008,97
Egypt,2008,97
Jordan,2008,97
Malaysia,2008,97
Netherlands,2008,97
Nicaragua,2008,97
Portugal,2008,97
Qatar,2008,97
Rwanda,2008,97
Singapore,2008,97
Slovenia,2008,97
Spain,2008,97
Brunei Darussalam,2008,98
El Salvador,2008,98
Iceland,2008,98
Japan,2008,98
Libya,2008,98
Maldives,2008,98
Russian Federation,2008,98
Saudi Arabia,2008,98
Sri Lanka,2008,98
Sweden,2008,98
Uzbekistan,2008,98
Albania,2008,99
Andorra,2008,99
Antigua and Barbuda,2008,99
Belgium,2008,99
Brazil,2008,99
Cabo Verde,2008,99
Cook Islands,2008,99
Czechia,2008,99
Fiji,2008,99
Finland,2008,99
France,2008,99
Greece,2008,99
Grenada,2008,99
Hungary,2008,99
Iran (Islamic Republic of),2008,99
Kazakhstan,2008,99
Kuwait,2008,99
Luxembourg,2008,99
Mauritius,2008,99
Monaco,2008,99
Morocco,2008,99
Nauru,2008,99
Niue,2008,99
Oman,2008,99
Poland,2008,99
Saint Kitts and Nevis,2008,99
Saint Vincent and the Grenadines,2008,99
Sao Tome and Principe,2008,99
Seychelles,2008,99
Slovakia,2008,99
Thailand,2008,99
Tonga,2008,99
Tunisia,2008,99
Tuvalu,2008,99
Chad,2007,28
Somalia,2007,40
Nigeria,2007,42
Angola,2007,48
Central African Republic,2007,48
Equatorial Guinea,2007,48
Ethiopia,2007,50
Lao People's Democratic Republic,2007,50
Pakistan,2007,54
Iraq,2007,57
Niger,2007,57
Venezuela (Bolivarian Republic of),2007,62
Afghanistan,2007,63
Guinea,2007,63
Haiti,2007,64
India,2007,64
Sierra Leone,2007,64
Democratic Republic of the Congo,2007,65
Liberia,2007,65
Samoa,2007,65
Papua New Guinea,2007,66
Timor-Leste,2007,70
Vanuatu,2007,70
Congo,2007,72
Indonesia,2007,73
Uganda,2007,73
Zimbabwe,2007,73
Guinea-Bissau,2007,74
Mali,2007,74
Malta,2007,74
Comoros,2007,75
Mauritania,2007,75
Mozambique,2007,75
Côte d’Ivoire,2007,76
Azerbaijan,2007,79
Micronesia (Federated States of),2007,79
Yemen,2007,79
Lebanon,2007,80
Syrian Arab Republic,2007,80
Zambia,2007,80
Gabon,2007,81
Kenya,2007,81
Benin,2007,82
Cambodia,2007,82
Cameroon,2007,82
Nepal,2007,82
Togo,2007,82
United Republic of Tanzania,2007,83
Bolivia (Plurinational State of),2007,84
Madagascar,2007,84
Sudan,2007,84
Suriname,2007,84
Austria,2007,85
Dominican Republic,2007,85
Guatemala,2007,85
Panama,2007,85
South Africa,2007,85
Myanmar,2007,86
Namibia,2007,86
Tajikistan,2007,86
Denmark,2007,87
Eswatini,2007,87
Malawi,2007,87
Philippines,2007,87
Armenia,2007,88
Djibouti,2007,88
Lesotho,2007,88
New Zealand,2007,88
Solomon Islands,2007,88
Trinidad and Tobago,2007,88
Burkina Faso,2007,89
Costa Rica,2007,89
Argentina,2007,91
Republic of Korea,2007,91
San Marino,2007,91
Australia,2007,92
Democratic People's Republic of Korea,2007,92
Ireland,2007,92
Jamaica,2007,92
Montenegro,2007,92
Republic of Moldova,2007,92
United Arab Emirates,2007,92
United Kingdom of Great Britain and Northern Ireland,2007,92
Viet Nam,2007,92
Barbados,2007,93
China,2007,93
Cuba,2007,93
Kazakhstan,2007,93
Marshall Islands,2007,93
Nicaragua,2007,93
Norway,2007,93
Peru,2007,93
Bangladesh,2007,94
Canada,2007,94
Colombia,2007,94
Ghana,2007,94
Guyana,2007,94
Honduras,2007,94
Kiribati,2007,94
Kyrgyzstan,2007,94
Latvia,2007,94
Palau,2007,94
Qatar,2007,94
Senegal,2007,94
Serbia,2007,94
Switzerland,2007,94
Uruguay,2007,94
Algeria,2007,95
Bahamas,2007,95
Belarus,2007,95
Bhutan,2007,95
Bosnia and Herzegovina,2007,95
Bulgaria,2007,95
Eritrea,2007,95
Estonia,2007,95
Gambia,2007,95
Israel,2007,95
Lithuania,2007,95
Mongolia,2007,95
Morocco,2007,95
The former Yugoslav Republic of Macedonia,2007,95
Paraguay,2007,95
Andorra,2007,96
Belize,2007,96
Botswana,2007,96
Chile,2007,96
Croatia,2007,96
Dominica,2007,96
Ecuador,2007,96
Germany,2007,96
Grenada,2007,96
Romania,2007,96
Saudi Arabia,2007,96
Spain,2007,96
Türkiye,2007,96
United States of America,2007,96
Uzbekistan,2007,96
Bahrain,2007,97
Cyprus,2007,97
Iceland,2007,97
Italy,2007,97
Malaysia,2007,97
Mauritius,2007,97
Netherlands,2007,97
Portugal,2007,97
Rwanda,2007,97
Sao Tome and Principe,2007,97
Singapore,2007,97
Slovenia,2007,97
Tuvalu,2007,97
Albania,2007,98
Belgium,2007,98
Cabo Verde,2007,98
Egypt,2007,98
Georgia,2007,98
Japan,2007,98
Jordan,2007,98
Libya,2007,98
Maldives,2007,98
Mexico,2007,98
Russian Federation,2007,98
Sri Lanka,2007,98
Sweden,2007,98
Thailand,2007,98
Tunisia,2007,98
Turkmenistan,2007,98
Ukraine,2007,98
Antigua and Barbuda,2007,99
Brazil,2007,99
Brunei Darussalam,2007,99
Burundi,2007,99
Cook Islands,2007,99
Czechia,2007,99
El Salvador,2007,99
Fiji,2007,99
Finland,2007,99
France,2007,99
Greece,2007,99
Hungary,2007,99
Iran (Islamic Republic of),2007,99
Kuwait,2007,99
Luxembourg,2007,99
Monaco,2007,99
Nauru,2007,99
Niue,2007,99
Occupied Palestinian territory,2007,99
Oman,2007,99
Poland,2007,99
Saint Kitts and Nevis,2007,99
Saint Lucia,2007,99
Saint Vincent and the Grenadines,2007,99
Seychelles,2007,99
Slovakia,2007,99
Tonga,2007,99
Somalia,2006,26
Chad,2006,40
Nigeria,2006,40
Angola,2006,44
Gabon,2006,45
Equatorial Guinea,2006,46
Ethiopia,2006,46
Samoa,2006,50
Central African Republic,2006,51
Niger,2006,51
Guinea,2006,57
Lao People's Democratic Republic,2006,57
Afghanistan,2006,58
Iraq,2006,59
Pakistan,2006,59
Liberia,2006,60
Democratic Republic of the Congo,2006,62
Haiti,2006,62
Timor-Leste,2006,63
Sierra Leone,2006,64
Uganda,2006,64
India,2006,65
Micronesia (Federated States of),2006,67
Mauritania,2006,68
Vanuatu,2006,68
Comoros,2006,69
Papua New Guinea,2006,70
Zimbabwe,2006,70
Guinea-Bissau,2006,71
Venezuela (Bolivarian Republic of),2006,71
Djibouti,2006,72
Indonesia,2006,72
Nauru,2006,72
Congo,2006,73
Benin,2006,74
Marshall Islands,2006,74
Côte d’Ivoire,2006,77
Azerbaijan,2006,78
Lebanon,2006,78
Mali,2006,78
Mozambique,2006,78
Sudan,2006,78
Yemen,2006,78
Cambodia,2006,80
Kenya,2006,80
Syrian Arab Republic,2006,80
Cameroon,2006,81
Zambia,2006,81
Myanmar,2006,82
Austria,2006,83
Bolivia (Plurinational State of),2006,83
Tajikistan,2006,83
Barbados,2006,84
Ghana,2006,84
South Africa,2006,84
Suriname,2006,84
Togo,2006,84
Madagascar,2006,85
Malta,2006,85
Saint Lucia,2006,85
Burkina Faso,2006,86
Kiribati,2006,86
Namibia,2006,86
Armenia,2006,87
Bosnia and Herzegovina,2006,87
Eswatini,2006,87
Georgia,2006,88
Nicaragua,2006,88
Panama,2006,88
Philippines,2006,88
Costa Rica,2006,89
Cuba,2006,89
Democratic People's Republic of Korea,2006,89
Dominican Republic,2006,89
Guatemala,2006,89
Lesotho,2006,89
Nepal,2006,89
New Zealand,2006,89
Senegal,2006,89
Montenegro,2006,90
Türkiye,2006,90
United Republic of Tanzania,2006,90
Argentina,2006,91
Grenada,2006,91
Ireland,2006,91
Australia,2006,92
Burundi,2006,92
Kyrgyzstan,2006,92
San Marino,2006,92
Serbia,2006,92
Trinidad and Tobago,2006,92
United Arab Emirates,2006,92
United Kingdom of Great Britain and Northern Ireland,2006,92
Andorra,2006,93
China,2006,93
Colombia,2006,93
Denmark,2006,93
Guyana,2006,93
The former Yugoslav Republic of Macedonia,2006,93
Bangladesh,2006,94
Chile,2006,94
Eritrea,2006,94
Lithuania,2006,94
Norway,2006,94
Peru,2006,94
Switzerland,2006,94
Viet Nam,2006,94
Algeria,2006,95
Bahamas,2006,95
Bhutan,2006,95
Bulgaria,2006,95
Canada,2006,95
Dominica,2006,95
Estonia,2006,95
Gambia,2006,95
Honduras,2006,95
Israel,2006,95
Jamaica,2006,95
Malaysia,2006,95
Singapore,2006,95
Uruguay,2006,95
Botswana,2006,96
Cabo Verde,2006,96
Croatia,2006,96
Ecuador,2006,96
El Salvador,2006,96
Germany,2006,96
Italy,2006,96
Latvia,2006,96
Netherlands,2006,96
Occupied Palestinian territory,2006,96
Qatar,2006,96
Saudi Arabia,2006,96
United States of America,2006,96
Uzbekistan,2006,96
Albania,2006,97
Brunei Darussalam,2006,97
Cyprus,2006,97
Finland,2006,97
Iceland,2006,97
Mauritius,2006,97
Morocco,2006,97
Portugal,2006,97
Republic of Moldova,2006,97
Romania,2006,97
Sao Tome and Principe,2006,97
Slovenia,2006,97
Tuvalu,2006,97
Bahrain,2006,98
Belgium,2006,98
Belize,2006,98
Czechia,2006,98
Egypt,2006,98
Fiji,2006,98
Greece,2006,98
Iran (Islamic Republic of),2006,98
Japan,2006,98
Jordan,2006,98
Libya,2006,98
Maldives,2006,98
Mexico,2006,98
Oman,2006,98
Palau,2006,98
Paraguay,2006,98
Republic of Korea,2006,98
Russian Federation,2006,98
Spain,2006,98
Sri Lanka,2006,98
Sweden,2006,98
Thailand,2006,98
Turkmenistan,2006,98
Ukraine,2006,98
Antigua and Barbuda,2006,99
Belarus,2006,99
Brazil,2006,99
Cook Islands,2006,99
France,2006,99
Hungary,2006,99
Kazakhstan,2006,99
Kuwait,2006,99
Luxembourg,2006,99
Malawi,2006,99
Monaco,2006,99
Mongolia,2006,99
Niue,2006,99
Poland,2006,99
Rwanda,2006,99
Saint Kitts and Nevis,2006,99
Saint Vincent and the Grenadines,2006,99
Seychelles,2006,99
Slovakia,2006,99
Solomon Islands,2006,99
Tonga,2006,99
Tunisia,2006,99
Chad,2005,25
Somalia,2005,35
Nigeria,2005,36
Equatorial Guinea,2005,44
Ethiopia,2005,44
Gabon,2005,45
Niger,2005,45
Angola,2005,47
Lao People's Democratic Republic,2005,49
Central African Republic,2005,54
Timor-Leste,2005,55
Afghanistan,2005,58
Guinea,2005,59
Samoa,2005,59
Democratic Republic of the Congo,2005,60
Haiti,2005,60
Liberia,2005,60
Congo,2005,62
Pakistan,2005,63
Uganda,2005,64
India,2005,65
Iraq,2005,65
Sierra Leone,2005,65
Comoros,2005,68
Guinea-Bissau,2005,68
Vanuatu,2005,68
Zimbabwe,2005,68
Benin,2005,70
Djibouti,2005,71
Mauritania,2005,71
Indonesia,2005,72
Papua New Guinea,2005,72
Myanmar,2005,73
Azerbaijan,2005,75
Nepal,2005,75
Côte d’Ivoire,2005,76
Kenya,2005,76
Lebanon,2005,77
Mali,2005,77
Marshall Islands,2005,77
Peru,2005,77
Sudan,2005,78
Democratic People's Republic of Korea,2005,79
Kiribati,2005,79
Yemen,2005,79
Cameroon,2005,80
Mozambique,2005,80
Nauru,2005,80
Syrian Arab Republic,2005,80
South Africa,2005,81
Burkina Faso,2005,82
Cambodia,2005,82
Georgia,2005,82
Togo,2005,82
Zambia,2005,82
Suriname,2005,83
Ghana,2005,84
Senegal,2005,84
Tajikistan,2005,84
Bolivia (Plurinational State of),2005,85
Madagascar,2005,85
Niue,2005,85
Austria,2005,86
Eswatini,2005,86
Namibia,2005,86
Nicaragua,2005,86
Burundi,2005,87
China,2005,87
Dominican Republic,2005,87
Guatemala,2005,87
Venezuela (Bolivarian Republic of),2005,87
Algeria,2005,88
Cuba,2005,89
El Salvador,2005,89
Lesotho,2005,89
New Zealand,2005,89
Philippines,2005,89
Solomon Islands,2005,89
Armenia,2005,90
Ireland,2005,90
Türkiye,2005,90
United Republic of Tanzania,2005,90
Chile,2005,91
Costa Rica,2005,91
Norway,2005,91
United Kingdom of Great Britain and Northern Ireland,2005,91
Australia,2005,92
Barbados,2005,92
Ecuador,2005,92
Malta,2005,92
Panama,2005,92
Bahamas,2005,93
Bangladesh,2005,93
Bosnia and Herzegovina,2005,93
Canada,2005,93
Colombia,2005,93
Denmark,2005,93
Guyana,2005,93
Israel,2005,93
Malawi,2005,93
Portugal,2005,93
Tuvalu,2005,93
Brunei Darussalam,2005,94
Lithuania,2005,94
Micronesia (Federated States of),2005,94
Switzerland,2005,94
United Arab Emirates,2005,94
Bhutan,2005,95
Cabo Verde,2005,95
Gambia,2005,95
Iceland,2005,95
Iran (Islamic Republic of),2005,95
Italy,2005,95
Jordan,2005,95
Rwanda,2005,95
Saint Lucia,2005,95
Slovenia,2005,95
Trinidad and Tobago,2005,95
Viet Nam,2005,95
Belize,2005,96
Botswana,2005,96
Bulgaria,2005,96
Croatia,2005,96
Eritrea,2005,96
Estonia,2005,96
Fiji,2005,96
Germany,2005,96
Greece,2005,96
Malaysia,2005,96
Netherlands,2005,96
Occupied Palestinian territory,2005,96
Paraguay,2005,96
Republic of Korea,2005,96
San Marino,2005,96
Saudi Arabia,2005,96
Singapore,2005,96
Spain,2005,96
Ukraine,2005,96
United States of America,2005,96
Uruguay,2005,96
Belgium,2005,97
Czechia,2005,97
Finland,2005,97
Mauritius,2005,97
The former Yugoslav Republic of Macedonia,2005,97
Qatar,2005,97
Romania,2005,97
Sao Tome and Principe,2005,97
Albania,2005,98
Andorra,2005,98
Argentina,2005,98
Bahrain,2005,98
Cyprus,2005,98
Dominica,2005,98
Egypt,2005,98
France,2005,98
Honduras,2005,98
Japan,2005,98
Kazakhstan,2005,98
Kyrgyzstan,2005,98
Libya,2005,98
Maldives,2005,98
Mexico,2005,98
Morocco,2005,98
Palau,2005,98
Republic of Moldova,2005,98
Russian Federation,2005,98
Serbia,2005,98
Sweden,2005,98
Thailand,2005,98
Tunisia,2005,98
Antigua and Barbuda,2005,99
Belarus,2005,99
Brazil,2005,99
Cook Islands,2005,99
Grenada,2005,99
Hungary,2005,99
Jamaica,2005,99
Kuwait,2005,99
Latvia,2005,99
Luxembourg,2005,99
Monaco,2005,99
Mongolia,2005,99
Oman,2005,99
Poland,2005,99
Saint Kitts and Nevis,2005,99
Saint Vincent and the Grenadines,2005,99
Seychelles,2005,99
Slovakia,2005,99
Sri Lanka,2005,99
Tonga,2005,99
Turkmenistan,2005,99
Uzbekistan,2005,99
Chad,2004,21
Somalia,2004,30
Liberia,2004,31
Nigeria,2004,33
Ethiopia,2004,40
Equatorial Guinea,2004,43
Niger,2004,43
Gabon,2004,45
Lao People's Democratic Republic,2004,45
Angola,2004,47
Afghanistan,2004,50
Central African Republic,2004,51
Democratic Republic of the Congo,2004,54
Haiti,2004,57
Timor-Leste,2004,57
Guinea,2004,60
Kiribati,2004,62
Papua New Guinea,2004,62
Uganda,2004,62
India,2004,63
Samoa,2004,63
Djibouti,2004,64
Guinea-Bissau,2004,64
Marshall Islands,2004,64
Sierra Leone,2004,65
Zimbabwe,2004,65
Côte d’Ivoire,2004,67
Congo,2004,67
Pakistan,2004,68
Mali,2004,69
Vanuatu,2004,69
Mauritania,2004,70
Indonesia,2004,71
Togo,2004,71
Benin,2004,72
Democratic People's Republic of Korea,2004,72
Yemen,2004,72
Cameroon,2004,73
Kenya,2004,73
Iraq,2004,74
South Africa,2004,74
Sudan,2004,74
Lebanon,2004,75
Comoros,2004,76
Azerbaijan,2004,77
Georgia,2004,78
Madagascar,2004,78
Micronesia (Federated States of),2004,78
Burkina Faso,2004,79
Dominican Republic,2004,79
Nicaragua,2004,79
Ghana,2004,80
Nauru,2004,80
Nepal,2004,80
Namibia,2004,81
Syrian Arab Republic,2004,81
Kazakhstan,2004,82
Myanmar,2004,82
Austria,2004,83
Burundi,2004,83
Grenada,2004,83
Mozambique,2004,83
Zambia,2004,83
Bolivia (Plurinational State of),2004,84
Bosnia and Herzegovina,2004,84
Cambodia,2004,85
Suriname,2004,85
Türkiye,2004,85
Algeria,2004,86
Eswatini,2004,86
Peru,2004,86
Tajikistan,2004,86
Venezuela (Bolivarian Republic of),2004,86
China,2004,87
Gambia,2004,87
Guatemala,2004,87
Senegal,2004,87
Cuba,2004,88
Ecuador,2004,88
Philippines,2004,88
Republic of Korea,2004,88
Serbia,2004,88
Bhutan,2004,89
Colombia,2004,89
Ireland,2004,89
Malawi,2004,89
Malta,2004,89
New Zealand,2004,89
Rwanda,2004,89
Costa Rica,2004,90
El Salvador,2004,90
Lesotho,2004,90
Solomon Islands,2004,90
Armenia,2004,91
Canada,2004,91
Guyana,2004,91
Saint Lucia,2004,91
Australia,2004,92
Brunei Darussalam,2004,92
Norway,2004,92
Paraguay,2004,92
United Kingdom of Great Britain and Northern Ireland,2004,92
Bahamas,2004,93
Barbados,2004,93
Cabo Verde,2004,93
Chile,2004,93
Switzerland,2004,93
Estonia,2004,94
Honduras,2004,94
Italy,2004,94
Lithuania,2004,94
The former Yugoslav Republic of Macedonia,2004,94
Slovenia,2004,94
Trinidad and Tobago,2004,94
United Arab Emirates,2004,94
Uruguay,2004,94
Belgium,2004,95
Bulgaria,2004,95
Denmark,2004,95
Fiji,2004,95
Greece,2004,95
Israel,2004,95
Jordan,2004,95
Malaysia,2004,95
Panama,2004,95
Portugal,2004,95
San Marino,2004,95
Singapore,2004,95
United Republic of Tanzania,2004,95
Botswana,2004,96
Croatia,2004,96
Germany,2004,96
Maldives,2004,96
Occupied Palestinian territory,2004,96
Qatar,2004,96
Saint Kitts and Nevis,2004,96
Sao Tome and Principe,2004,96
Saudi Arabia,2004,96
United States of America,2004,96
Viet Nam,2004,96
Albania,2004,97
Antigua and Barbuda,2004,97
Belize,2004,97
Egypt,2004,97
Libya,2004,97
Morocco,2004,97
Romania,2004,97
Russian Federation,2004,97
Spain,2004,97
Sri Lanka,2004,97
Tunisia,2004,97
Turkmenistan,2004,97
Argentina,2004,98
Bahrain,2004,98
Cyprus,2004,98
Czechia,2004,98
Eritrea,2004,98
Finland,2004,98
France,2004,98
Jamaica,2004,98
Kuwait,2004,98
Mauritius,2004,98
Mexico,2004,98
Netherlands,2004,98
Palau,2004,98
Republic of Moldova,2004,98
Thailand,2004,98
Tuvalu,2004,98
Andorra,2004,99
Bangladesh,2004,99
Belarus,2004,99
Brazil,2004,99
Cook Islands,2004,99
Dominica,2004,99
Hungary,2004,99
Iceland,2004,99
Iran (Islamic Republic of),2004,99
Japan,2004,99
Kyrgyzstan,2004,99
Latvia,2004,99
Luxembourg,2004,99
Monaco,2004,99
Mongolia,2004,99
Niue,2004,99
Oman,2004,99
Poland,2004,99
Saint Vincent and the Grenadines,2004,99
Seychelles,2004,99
Slovakia,2004,99
Sweden,2004,99
Tonga,2004,99
Ukraine,2004,99
Uzbekistan,2004,99
Chad,2003,22
Nigeria,2003,29
Liberia,2003,35
Ethiopia,2003,38
Somalia,2003,40
Afghanistan,2003,41
Democratic Republic of the Congo,2003,41
Equatorial Guinea,2003,41
Niger,2003,41
Gabon,2003,45
Angola,2003,46
Central African Republic,2003,47
Lao People's Democratic Republic,2003,49
Belarus,2003,50
Congo,2003,50
Haiti,2003,53
Timor-Leste,2003,55
Guinea,2003,57
Uganda,2003,59
Guinea-Bissau,2003,60
Côte d’Ivoire,2003,61
India,2003,61
Yemen,2003,61
Mali,2003,63
Madagascar,2003,66
Pakistan,2003,66
Democratic People's Republic of Korea,2003,68
Djibouti,2003,68
Marshall Islands,2003,68
Papua New Guinea,2003,68
Türkiye,2003,68
Venezuela (Bolivarian Republic of),2003,68
Zimbabwe,2003,68
Cambodia,2003,69
South Africa,2003,69
Sudan,2003,69
Vanuatu,2003,69
Kiribati,2003,70
Indonesia,2003,71
Cuba,2003,72
Togo,2003,72
Benin,2003,73
Cameroon,2003,73
Kenya,2003,73
Senegal,2003,73
Sierra Leone,2003,73
Lebanon,2003,74
Georgia,2003,75
Iraq,2003,75
Suriname,2003,75
Mauritania,2003,76
Azerbaijan,2003,77
Myanmar,2003,78
Nepal,2003,78
Burkina Faso,2003,79
Dominican Republic,2003,79
Namibia,2003,79
Comoros,2003,80
Ghana,2003,80
Nauru,2003,80
Burundi,2003,82
Syrian Arab Republic,2003,83
Turkmenistan,2003,83
Zambia,2003,83
Austria,2003,84
Guatemala,2003,84
Malawi,2003,84
Philippines,2003,84
Solomon Islands,2003,84
Eswatini,2003,85
Mozambique,2003,85
Tajikistan,2003,85
China,2003,86
Ireland,2003,86
Nicaragua,2003,86
Paraguay,2003,86
Algeria,2003,87
Bangladesh,2003,87
Bosnia and Herzegovina,2003,87
Ecuador,2003,87
Gambia,2003,87
Bolivia (Plurinational State of),2003,88
Costa Rica,2003,88
Barbados,2003,89
Serbia,2003,89
Guyana,2003,90
Lesotho,2003,90
New Zealand,2003,90
Saint Lucia,2003,90
Samoa,2003,90
Canada,2003,91
Morocco,2003,91
Trinidad and Tobago,2003,91
United Kingdom of Great Britain and Northern Ireland,2003,91
Uruguay,2003,91
Bahamas,2003,92
Brunei Darussalam,2003,92
Cabo Verde,2003,92
Colombia,2003,92
Honduras,2003,92
Micronesia (Federated States of),2003,92
Norway,2003,92
Qatar,2003,92
Australia,2003,93
Eritrea,2003,93
Israel,2003,93
Switzerland,2003,93
Tuvalu,2003,93
Armenia,2003,94
Croatia,2003,94
El Salvador,2003,94
Estonia,2003,94
Fiji,2003,94
Greece,2003,94
Lithuania,2003,94
Malta,2003,94
Peru,2003,94
Sao Tome and Principe,2003,94
United Arab Emirates,2003,94
Belgium,2003,95
Bhutan,2003,95
Libya,2003,95
Niue,2003,95
Saudi Arabia,2003,95
Slovenia,2003,95
Tunisia,2003,95
United Republic of Tanzania,2003,95
Argentina,2003,96
Belize,2003,96
Botswana,2003,96
Bulgaria,2003,96
Chile,2003,96
Cook Islands,2003,96
Denmark,2003,96
Italy,2003,96
Jamaica,2003,96
Malaysia,2003,96
The former Yugoslav Republic of Macedonia,2003,96
Russian Federation,2003,96
Rwanda,2003,96
San Marino,2003,96
Singapore,2003,96
United States of America,2003,96
Albania,2003,97
Bahrain,2003,97
Czechia,2003,97
France,2003,97
Germany,2003,97
Grenada,2003,97
Iceland,2003,97
Japan,2003,97
Jordan,2003,97
Republic of Korea,2003,97
Romania,2003,97
Ukraine,2003,97
Cyprus,2003,98
Egypt,2003,98
Finland,2003,98
Kyrgyzstan,2003,98
Latvia,2003,98
Luxembourg,2003,98
Maldives,2003,98
Mexico,2003,98
Mongolia,2003,98
Netherlands,2003,98
Occupied Palestinian territory,2003,98
Panama,2003,98
Republic of Moldova,2003,98
Spain,2003,98
Thailand,2003,98
Tonga,2003,98
Uzbekistan,2003,98
Andorra,2003,99
Antigua and Barbuda,2003,99
Brazil,2003,99
Dominica,2003,99
Hungary,2003,99
Iran (Islamic Republic of),2003,99
Kazakhstan,2003,99
Kuwait,2003,99
Mauritius,2003,99
Monaco,2003,99
Oman,2003,99
Palau,2003,99
Poland,2003,99
Portugal,2003,99
Saint Kitts and Nevis,2003,99
Saint Vincent and the Grenadines,2003,99
Seychelles,2003,99
Slovakia,2003,99
Sri Lanka,2003,99
Sweden,2003,99
Viet Nam,2003,99
Chad,2002,24
Nigeria,2002,25
Ethiopia,2002,35
Afghanistan,2002,36
Democratic Republic of the Congo,2002,38
Equatorial Guinea,2002,39
Liberia,2002,39
Niger,2002,39
Somalia,2002,40
Congo,2002,41
Central African Republic,2002,44
Gabon,2002,45
Angola,2002,47
Haiti,2002,50
Guinea,2002,53
Lao People's Democratic Republic,2002,53
Sierra Leone,2002,53
Cambodia,2002,54
Timor-Leste,2002,54
Guinea-Bissau,2002,57
Uganda,2002,57
India,2002,59
Togo,2002,59
Senegal,2002,60
Sudan,2002,60
Mali,2002,61
Papua New Guinea,2002,61
Djibouti,2002,62
Madagascar,2002,62
Pakistan,2002,63
Côte d’Ivoire,2002,64
Democratic People's Republic of Korea,2002,64
Malawi,2002,64
Venezuela (Bolivarian Republic of),2002,65
Yemen,2002,65
Cameroon,2002,66
Burkina Faso,2002,69
Indonesia,2002,70
South Africa,2002,70
Vanuatu,2002,70
Zimbabwe,2002,71
Nepal,2002,72
Suriname,2002,73
Saint Lucia,2002,74
Benin,2002,75
Viet Nam,2002,75
Azerbaijan,2002,76
Mozambique,2002,76
Bolivia (Plurinational State of),2002,77
Iraq,2002,77
Kiribati,2002,77
Lebanon,2002,77
Namibia,2002,77
Ghana,2002,78
Solomon Islands,2002,78
Türkiye,2002,78
Myanmar,2002,79
Philippines,2002,79
Bosnia and Herzegovina,2002,80
Marshall Islands,2002,80
Nauru,2002,80
Burundi,2002,81
Colombia,2002,81
El Salvador,2002,81
Dominican Republic,2002,82
Guatemala,2002,82
Austria,2002,83
Bangladesh,2002,83
Ireland,2002,83
Georgia,2002,84
Kenya,2002,84
Lesotho,2002,84
Micronesia (Federated States of),2002,84
Syrian Arab Republic,2002,84
Zambia,2002,84
Eswatini,2002,85
Nicaragua,2002,85
Tajikistan,2002,85
Algeria,2002,86
Bhutan,2002,86
China,2002,86
Barbados,2002,87
Gambia,2002,87
Paraguay,2002,87
Canada,2002,88
Ecuador,2002,88
Mauritius,2002,88
Rwanda,2002,88
Belize,2002,89
Comoros,2002,89
Mauritania,2002,89
United Republic of Tanzania,2002,89
Eritrea,2002,90
Israel,2002,90
New Zealand,2002,90
Tonga,2002,90
Cabo Verde,2002,91
Guyana,2002,91
United Kingdom of Great Britain and Northern Ireland,2002,91
Australia,2002,92
Greece,2002,92
Samoa,2002,92
Sao Tome and Principe,2002,92
Argentina,2002,93
Bulgaria,2002,93
Fiji,2002,93
Germany,2002,93
Italy,2002,93
Libya,2002,93
Norway,2002,93
Slovenia,2002,93
Switzerland,2002,93
Armenia,2002,94
Bahamas,2002,94
Brunei Darussalam,2002,94
Costa Rica,2002,94
Estonia,2002,94
Malaysia,2002,94
Morocco,2002,94
Singapore,2002,94
United Arab Emirates,2002,94
United States of America,2002,94
Belgium,2002,95
Croatia,2002,95
Honduras,2002,95
Iceland,2002,95
Jordan,2002,95
Kazakhstan,2002,95
Lithuania,2002,95
Malta,2002,95
Peru,2002,95
Saudi Arabia,2002,95
Serbia,2002,95
Uruguay,2002,95
Japan,2002,96
The former Yugoslav Republic of Macedonia,2002,96
Qatar,2002,96
San Marino,2002,96
Thailand,2002,96
Trinidad and Tobago,2002,96
Tunisia,2002,96
Andorra,2002,97
Botswana,2002,97
Chile,2002,97
Cook Islands,2002,97
Egypt,2002,97
France,2002,97
Latvia,2002,97
Mexico,2002,97
Netherlands,2002,97
Occupied Palestinian territory,2002,97
Republic of Korea,2002,97
Republic of Moldova,2002,97
Russian Federation,2002,97
Saint Kitts and Nevis,2002,97
Albania,2002,98
Antigua and Barbuda,2002,98
Bahrain,2002,98
Cyprus,2002,98
Czechia,2002,98
Denmark,2002,98
Dominica,2002,98
Finland,2002,98
Grenada,2002,98
Kyrgyzstan,2002,98
Maldives,2002,98
Mongolia,2002,98
Portugal,2002,98
Romania,2002,98
Spain,2002,98
Sri Lanka,2002,98
Turkmenistan,2002,98
Tuvalu,2002,98
Belarus,2002,99
Brazil,2002,99
Cuba,2002,99
Hungary,2002,99
Iran (Islamic Republic of),2002,99
Jamaica,2002,99
Kuwait,2002,99
Luxembourg,2002,99
Monaco,2002,99
Niue,2002,99
Oman,2002,99
Palau,2002,99
Panama,2002,99
Poland,2002,99
Saint Vincent and the Grenadines,2002,99
Seychelles,2002,99
Slovakia,2002,99
Sweden,2002,99
Ukraine,2002,99
Uzbekistan,2002,99
Chad,2001,26
Nigeria,2001,27
Democratic Republic of the Congo,2001,30
Congo,2001,31
Afghanistan,2001,33
Ethiopia,2001,33
Somalia,2001,33
Niger,2001,36
Equatorial Guinea,2001,37
Sierra Leone,2001,38
Central African Republic,2001,40
Angola,2001,42
Liberia,2001,42
Gabon,2001,45
Haiti,2001,46
Marshall Islands,2001,48
Mali,2001,49
Guinea,2001,50
Togo,2001,50
Lao People's Democratic Republic,2001,52
Senegal,2001,52
Djibouti,2001,53
Guinea-Bissau,2001,53
Papua New Guinea,2001,55
Uganda,2001,55
India,2001,59
Cambodia,2001,60
Madagascar,2001,60
Pakistan,2001,61
Burkina Faso,2001,62
Democratic People's Republic of Korea,2001,62
Cameroon,2001,63
Côte d’Ivoire,2001,66
Sudan,2001,66
Suriname,2001,68
Comoros,2001,70
Vanuatu,2001,70
Venezuela (Bolivarian Republic of),2001,70
Bolivia (Plurinational State of),2001,71
South Africa,2001,71
Dominican Republic,2001,72
Nepal,2001,72
Mozambique,2001,73
Myanmar,2001,73
Yemen,2001,73
Mauritania,2001,75
Micronesia (Federated States of),2001,75
Zimbabwe,2001,75
Benin,2001,76
Indonesia,2001,76
Azerbaijan,2001,77
Guatemala,2001,77
Rwanda,2001,77
Iraq,2001,78
Lesotho,2001,78
Namibia,2001,78
Ghana,2001,79
Philippines,2001,79
Colombia,2001,80
Kenya,2001,80
Lebanon,2001,80
Burundi,2001,81
Syrian Arab Republic,2001,82
Argentina,2001,83
Austria,2001,84
Barbados,2001,84
Eswatini,2001,84
Ireland,2001,84
Solomon Islands,2001,84
Bangladesh,2001,85
Guyana,2001,85
Kiribati,2001,85
Tajikistan,2001,85
Zambia,2001,85
China,2001,86
Eritrea,2001,86
Gambia,2001,87
Georgia,2001,87
Nicaragua,2001,87
United Republic of Tanzania,2001,87
Bhutan,2001,88
Türkiye,2001,88
Algeria,2001,89
Canada,2001,89
Ecuador,2001,89
Paraguay,2001,89
Cabo Verde,2001,90
Cook Islands,2001,90
Malawi,2001,90
New Zealand,2001,90
Peru,2001,90
Samoa,2001,90
Bosnia and Herzegovina,2001,91
Costa Rica,2001,91
Fiji,2001,91
Greece,2001,91
The former Yugoslav Republic of Macedonia,2001,91
Norway,2001,91
Trinidad and Tobago,2001,91
United Kingdom of Great Britain and Northern Ireland,2001,91
Australia,2001,92
El Salvador,2001,92
Iceland,2001,92
Israel,2001,92
Mauritius,2001,92
Sao Tome and Principe,2001,92
Slovenia,2001,92
Germany,2001,93
Italy,2001,93
Qatar,2001,93
Serbia,2001,93
Switzerland,2001,93
Armenia,2001,94
Bulgaria,2001,94
Croatia,2001,94
Estonia,2001,94
Libya,2001,94
Tonga,2001,94
United Arab Emirates,2001,94
United States of America,2001,94
Uruguay,2001,94
Belgium,2001,95
Japan,2001,95
Kazakhstan,2001,95
Lithuania,2001,95
Malta,2001,95
Mongolia,2001,95
Nauru,2001,95
Turkmenistan,2001,95
Andorra,2001,96
Belize,2001,96
Grenada,2001,96
Honduras,2001,96
Iran (Islamic Republic of),2001,96
Malaysia,2001,96
Morocco,2001,96
Russian Federation,2001,96
Seychelles,2001,96
Singapore,2001,96
Spain,2001,96
Thailand,2001,96
Tuvalu,2001,96
Viet Nam,2001,96
Albania,2001,97
Antigua and Barbuda,2001,97
Botswana,2001,97
Brunei Darussalam,2001,97
Chile,2001,97
Cyprus,2001,97
Denmark,2001,97
France,2001,97
Latvia,2001,97
Mexico,2001,97
Netherlands,2001,97
Occupied Palestinian territory,2001,97
Portugal,2001,97
Republic of Korea,2001,97
Republic of Moldova,2001,97
San Marino,2001,97
Saudi Arabia,2001,97
Brazil,2001,98
Cuba,2001,98
Czechia,2001,98
Finland,2001,98
Maldives,2001,98
Palau,2001,98
Poland,2001,98
Sri Lanka,2001,98
Tunisia,2001,98
Bahamas,2001,99
Bahrain,2001,99
Belarus,2001,99
Dominica,2001,99
Egypt,2001,99
Hungary,2001,99
Jamaica,2001,99
Jordan,2001,99
Kuwait,2001,99
Kyrgyzstan,2001,99
Luxembourg,2001,99
Monaco,2001,99
Niue,2001,99
Oman,2001,99
Panama,2001,99
Romania,2001,99
Saint Kitts and Nevis,2001,99
Saint Lucia,2001,99
Saint Vincent and the Grenadines,2001,99
Slovakia,2001,99
Sweden,2001,99
Ukraine,2001,99
Uzbekistan,2001,99
Afghanistan,2000,24
Nigeria,2000,29
Ethiopia,2000,30
Angola,2000,31
Congo,2000,33
Somalia,2000,33
Niger,2000,34
Equatorial Guinea,2000,35
Central African Republic,2000,37
Chad,2000,37
Marshall Islands,2000,39
Democratic Republic of the Congo,2000,40
Haiti,2000,43
Mali,2000,43
Nauru,2000,44
Sierra Leone,2000,44
Burkina Faso,2000,45
Gabon,2000,45
Djibouti,2000,46
Guinea,2000,46
Liberia,2000,46
Guinea-Bissau,2000,49
Lao People's Democratic Republic,2000,51
Mauritania,2000,51
Senegal,2000,52
Uganda,2000,52
Democratic People's Republic of Korea,2000,56
Madagascar,2000,57
India,2000,58
Cambodia,2000,59
Pakistan,2000,59
Papua New Guinea,2000,59
Cameroon,2000,62
Sudan,2000,62
Togo,2000,64
Côte d’Ivoire,2000,65
Comoros,2000,70
Mozambique,2000,70
Saint Lucia,2000,70
Suriname,2000,71
Vanuatu,2000,71
South Africa,2000,73
Nepal,2000,74
Yemen,2000,74
Bolivia (Plurinational State of),2000,75
Indonesia,2000,75
Malawi,2000,75
Azerbaijan,2000,76
Venezuela (Bolivarian Republic of),2000,77
Benin,2000,78
Dominican Republic,2000,78
Philippines,2000,78
Zimbabwe,2000,78
Colombia,2000,79
Namibia,2000,79
United Republic of Tanzania,2000,79
Burundi,2000,80
Gambia,2000,80
Georgia,2000,80
Iraq,2000,80
Qatar,2000,80
Austria,2000,81
Eritrea,2000,81
Guatemala,2000,81
Bangladesh,2000,82
Kenya,2000,82
Myanmar,2000,82
Sao Tome and Principe,2000,82
Tuvalu,2000,82
Argentina,2000,83
Lebanon,2000,83
Lesotho,2000,83
Nicaragua,2000,83
Tajikistan,2000,83
Eswatini,2000,84
Syrian Arab Republic,2000,84
Bosnia and Herzegovina,2000,85
China,2000,85
Japan,2000,85
Micronesia (Federated States of),2000,85
Türkiye,2000,85
Zambia,2000,85
Algeria,2000,86
Ireland,2000,86
Paraguay,2000,86
Solomon Islands,2000,86
Ecuador,2000,87
Italy,2000,87
Costa Rica,2000,88
Ghana,2000,88
Guyana,2000,88
Mauritius,2000,88
Canada,2000,89
Greece,2000,89
Australia,2000,90
Cabo Verde,2000,90
Fiji,2000,90
Germany,2000,90
Kiribati,2000,90
New Zealand,2000,90
Norway,2000,90
Rwanda,2000,90
Trinidad and Tobago,2000,90
Uruguay,2000,90
Belize,2000,91
Chile,2000,91
Jordan,2000,91
Slovenia,2000,91
United Kingdom of Great Britain and Northern Ireland,2000,91
Bhutan,2000,92
Cook Islands,2000,92
Armenia,2000,93
Barbados,2000,93
Bulgaria,2000,93
Croatia,2000,93
Estonia,2000,93
Israel,2000,93
Jamaica,2000,93
Occupied Palestinian territory,2000,93
Switzerland,2000,93
Honduras,2000,94
Libya,2000,94
Lithuania,2000,94
Malta,2000,94
Mongolia,2000,94
United Arab Emirates,2000,94
United States of America,2000,94
Antigua and Barbuda,2000,95
Belgium,2000,95
Cuba,2000,95
Morocco,2000,95
The former Yugoslav Republic of Macedonia,2000,95
Republic of Moldova,2000,95
Saudi Arabia,2000,95
Serbia,2000,95
Spain,2000,95
Tonga,2000,95
Latvia,2000,96
Palau,2000,96
Portugal,2000,96
Russian Federation,2000,96
Viet Nam,2000,96
Albania,2000,97
Bahrain,2000,97
Botswana,2000,97
Cyprus,2000,97
Denmark,2000,97
France,2000,97
Grenada,2000,97
Kazakhstan,2000,97
Mexico,2000,97
Netherlands,2000,97
Republic of Korea,2000,97
Thailand,2000,97
Tunisia,2000,97
Turkmenistan,2000,97
Andorra,2000,98
Brazil,2000,98
Czechia,2000,98
Egypt,2000,98
Iceland,2000,98
Kuwait,2000,98
Malaysia,2000,98
Maldives,2000,98
Panama,2000,98
Peru,2000,98
Poland,2000,98
Saint Vincent and the Grenadines,2000,98
Samoa,2000,98
San Marino,2000,98
Seychelles,2000,98
Singapore,2000,98
Bahamas,2000,99
Belarus,2000,99
Brunei Darussalam,2000,99
Dominica,2000,99
El Salvador,2000,99
Finland,2000,99
Hungary,2000,99
Iran (Islamic Republic of),2000,99
Kyrgyzstan,2000,99
Luxembourg,2000,99
Monaco,2000,99
Niue,2000,99
Oman,2000,99
Romania,2000,99
Saint Kitts and Nevis,2000,99
Slovakia,2000,99
Sri Lanka,2000,99
Sweden,2000,99
Ukraine,2000,99
Uzbekistan,2000,99
